,Season,Week_No,Team,Name,Nationality,Age,Minutes,Venue,Opponent,Result,shots_on_target_against,goals_against_gk,saves,save_pct,psxg_gk,passes_completed_launched_gk,passes_launched_gk,passes_pct_launched_gk,passes_gk,passes_throws_gk,pct_passes_launched_gk,passes_length_avg_gk,goal_kicks,pct_goal_kicks_launched,goal_kick_length_avg,crosses_gk,crosses_stopped_gk,crosses_stopped_pct_gk,def_actions_outside_pen_area_gk,avg_distance_def_actions_gk
0,2020-2021,1,Bayern Munich,Manuel Neuer,GER,34,90.0,Home,Schalke 04,Win,1,0,1,100.0,0.0,1,2,50.0,37,6,5.4,24.2,1,0.0,25.0,3,0,0.0,0,15.8
1,2020-2021,1,Schalke 04,Ralf Fährmann,GER,31,90.0,Away,Bayern Munich,Defeat,10,8,3,30.0,5.3,5,24,20.8,32,5,56.3,42.2,10,60.0,44.8,12,0,0.0,1,15.0
2,2020-2021,1,Köln,Timo Horn,GER,27,90.0,Home,Hoffenheim,Defeat,6,3,4,66.7,2.6,12,20,60.0,51,3,37.3,33.9,6,16.7,30.7,5,0,0.0,1,17.7
3,2020-2021,1,Hoffenheim,Oliver Baumann,GER,30,90.0,Away,Köln,Win,6,2,3,66.7,1.6,7,23,30.4,43,6,30.2,31.8,12,83.3,60.5,9,0,0.0,1,18.4
4,2020-2021,1,Eintracht Frankfurt,Kevin Trapp,GER,30,90.0,Home,Arminia,Draw,4,1,3,75.0,1.3,6,13,46.2,32,5,31.3,30.1,7,42.9,34.6,7,1,14.3,0,9.5
5,2020-2021,1,Arminia,Stefan Ortega,GER,27,90.0,Away,Eintracht Frankfurt,Draw,6,1,5,83.3,1.2,13,36,36.1,46,4,63.0,47.6,9,77.8,62.9,15,1,6.7,0,10.9
6,2020-2021,1,Werder Bremen,Jiří Pavlenka,CZE,28,90.0,Home,Hertha BSC,Defeat,6,4,2,33.3,2.1,6,10,60.0,16,7,31.3,33.4,8,62.5,47.8,6,0,0.0,0,11.2
7,2020-2021,1,Hertha BSC,Alexander Schwolow,GER,28,90.0,Away,Werder Bremen,Win,6,1,5,83.3,1.0,11,20,55.0,39,6,28.2,33.2,10,90.0,67.3,10,2,20.0,1,10.9
8,2020-2021,1,Union Berlin,Andreas Luthe,GER,33,90.0,Home,Augsburg,Defeat,5,3,2,40.0,0.9,6,13,46.2,37,4,27.0,30.9,5,60.0,47.0,6,0,0.0,0,12.3
9,2020-2021,1,Augsburg,Rafał Gikiewicz,POL,32,90.0,Away,Union Berlin,Win,3,1,2,66.7,1.1,6,20,30.0,38,7,39.5,37.1,6,83.3,64.2,19,1,5.3,1,14.8
10,2020-2021,1,Stuttgart,Gregor Kobel,SUI,22,90.0,Home,Freiburg,Defeat,5,3,2,40.0,1.3,4,5,80.0,36,4,13.9,21.8,3,0.0,14.0,3,0,0.0,1,19.5
11,2020-2021,1,Freiburg,Florian Müller,GER,22,90.0,Away,Stuttgart,Win,6,2,4,66.7,1.8,8,22,36.4,28,2,35.7,35.4,12,100.0,71.0,11,1,9.1,0,11.0
12,2020-2021,1,Dortmund,Roman Bürki,SUI,29,90.0,Home,Mönchengladbach,Win,2,0,2,100.0,0.4,3,10,30.0,23,5,34.8,31.5,6,33.3,36.5,7,0,0.0,0,9.6
13,2020-2021,1,Mönchengladbach,Yann Sommer,SUI,31,90.0,Away,Dortmund,Defeat,3,3,1,33.3,2.3,1,2,50.0,23,2,8.7,24.5,6,0.0,16.8,4,0,0.0,0,10.0
14,2020-2021,1,RB Leipzig,Péter Gulácsi,HUN,30,90.0,Home,Mainz 05,Win,1,1,0,0.0,0.5,3,4,75.0,34,2,11.8,25.9,4,0.0,17.0,5,0,0.0,1,12.4
15,2020-2021,1,Mainz 05,Robin Zentner,GER,25,90.0,Away,RB Leipzig,Defeat,8,3,6,75.0,1.4,4,9,44.4,23,8,26.1,30.3,11,27.3,30.3,7,0,0.0,0,11.0
16,2020-2021,1,Wolfsburg,Koen Casteels,BEL,28,90.0,Home,Bayer Leverkusen,Draw,3,0,3,100.0,0.5,10,27,37.0,41,3,56.1,43.9,5,80.0,59.2,11,1,9.1,0,13.7
17,2020-2021,1,Bayer Leverkusen,Lukáš Hrádecký,FIN,30,90.0,Away,Wolfsburg,Draw,1,0,1,100.0,0.6,4,11,36.4,39,7,23.1,29.4,6,33.3,34.8,7,0,0.0,1,18.8
18,2020-2021,2,Hertha BSC,Alexander Schwolow,GER,28,90.0,Home,Eintracht Frankfurt,Defeat,2,3,0,0.0,1.6,10,12,83.3,23,2,30.4,31.1,10,50.0,36.1,6,0,0.0,1,25.3
19,2020-2021,2,Eintracht Frankfurt,Kevin Trapp,GER,30,90.0,Away,Hertha BSC,Win,6,1,6,83.3,0.7,10,19,52.6,34,7,47.1,42.1,5,60.0,49.2,16,1,6.3,1,17.5
20,2020-2021,2,Mainz 05,Robin Zentner,GER,25,90.0,Home,Stuttgart,Defeat,7,4,3,42.9,2.7,3,10,30.0,39,5,23.1,29.9,8,12.5,22.1,10,1,10.0,1,17.4
21,2020-2021,2,Stuttgart,Gregor Kobel,SUI,22,90.0,Away,Mainz 05,Win,2,1,1,50.0,1.0,9,13,69.2,24,4,41.7,35.0,8,37.5,40.0,9,0,0.0,2,18.5
22,2020-2021,2,Arminia,Stefan Ortega,GER,27,90.0,Home,Köln,Win,2,0,2,100.0,0.8,18,27,66.7,60,2,43.3,37.4,5,20.0,30.0,9,1,11.1,2,18.0
23,2020-2021,2,Köln,Timo Horn,GER,27,90.0,Away,Arminia,Defeat,3,1,2,66.7,0.3,5,14,35.7,32,8,37.5,33.6,8,25.0,24.9,7,1,14.3,3,18.5
24,2020-2021,2,Mönchengladbach,Yann Sommer,SUI,31,90.0,Home,Union Berlin,Draw,2,1,1,50.0,0.3,4,7,57.1,26,4,23.1,26.4,7,14.3,20.7,7,1,14.3,1,18.5
25,2020-2021,2,Union Berlin,Andreas Luthe,GER,33,90.0,Away,Mönchengladbach,Draw,6,1,5,83.3,1.8,8,25,32.0,33,2,54.5,40.6,8,87.5,55.4,9,1,11.1,0,13.3
26,2020-2021,2,Bayer Leverkusen,Lukáš Hrádecký,FIN,30,90.0,Home,RB Leipzig,Draw,2,1,1,50.0,0.7,8,15,53.3,36,3,38.9,35.0,4,25.0,27.0,7,1,14.3,2,20.0
27,2020-2021,2,RB Leipzig,Péter Gulácsi,HUN,30,90.0,Away,Bayer Leverkusen,Draw,4,1,3,75.0,0.4,10,19,52.6,33,3,48.5,39.7,9,33.3,34.0,11,1,9.1,0,9.0
28,2020-2021,2,Augsburg,Rafał Gikiewicz,POL,32,90.0,Home,Dortmund,Win,6,0,6,100.0,1.2,6,18,33.3,18,6,55.6,45.3,11,72.7,62.5,18,0,0.0,0,13.2
29,2020-2021,2,Dortmund,Roman Bürki,SUI,29,90.0,Away,Augsburg,Defeat,4,2,2,50.0,1.5,3,5,60.0,23,5,21.7,29.0,5,0.0,22.4,5,0,0.0,0,18.0
30,2020-2021,2,Schalke 04,Ralf Fährmann,GER,31,90.0,Home,Werder Bremen,Defeat,5,3,3,60.0,2.8,5,11,45.5,33,7,27.3,31.7,7,28.6,31.9,6,0,0.0,3,16.0
31,2020-2021,2,Werder Bremen,Jiří Pavlenka,CZE,28,90.0,Away,Schalke 04,Win,4,1,3,75.0,0.4,5,16,31.3,19,4,63.2,50.5,4,100.0,64.0,10,0,0.0,0,9.8
32,2020-2021,2,Hoffenheim,Oliver Baumann,GER,30,90.0,Home,Bayern Munich,Win,3,1,1,66.7,1.1,9,31,29.0,27,1,74.1,55.6,18,61.1,44.8,19,1,5.3,3,16.7
33,2020-2021,2,Bayern Munich,Manuel Neuer,GER,34,90.0,Away,Hoffenheim,Defeat,7,4,3,57.1,5.1,4,7,57.1,25,6,24.0,30.0,6,16.7,30.0,7,0,0.0,0,13.3
34,2020-2021,2,Freiburg,Florian Müller,GER,22,90.0,Home,Wolfsburg,Draw,2,1,1,50.0,1.0,4,12,33.3,25,2,24.0,28.4,10,60.0,48.7,3,0,0.0,0,8.3
35,2020-2021,2,Wolfsburg,Pavao Pervan,AUT,32,90.0,Away,Freiburg,Draw,7,1,5,85.7,2.7,8,19,42.1,23,1,56.5,43.2,9,66.7,53.4,13,1,7.7,0,11.3
36,2020-2021,3,Union Berlin,Andreas Luthe,GER,33,90.0,Home,Mainz 05,Win,0,0,0,,0.0,3,20,15.0,28,2,53.6,44.1,6,83.3,60.5,9,0,0.0,0,12.5
37,2020-2021,3,Mainz 05,Robin Zentner,GER,25,90.0,Away,Union Berlin,Defeat,7,4,3,42.9,2.2,3,9,33.3,25,6,28.0,35.2,5,40.0,41.6,8,0,0.0,2,20.6
38,2020-2021,3,Stuttgart,Gregor Kobel,SUI,22,90.0,Home,Bayer Leverkusen,Draw,7,1,6,85.7,1.4,8,18,44.4,34,7,44.1,37.3,13,23.1,29.3,6,0,0.0,1,15.8
39,2020-2021,3,Bayer Leverkusen,Lukáš Hrádecký,FIN,30,90.0,Away,Stuttgart,Draw,2,1,1,50.0,0.8,10,24,41.7,39,3,41.0,35.5,11,72.7,43.5,8,0,0.0,2,19.1
40,2020-2021,3,Werder Bremen,Jiří Pavlenka,CZE,28,90.0,Home,Arminia,Win,4,0,4,100.0,1.0,12,25,48.0,29,5,65.5,50.1,6,100.0,70.3,7,0,0.0,1,13.2
41,2020-2021,3,Arminia,Stefan Ortega,GER,27,90.0,Away,Werder Bremen,Defeat,2,1,1,50.0,0.9,17,24,70.8,67,7,32.8,35.5,8,25.0,33.8,5,0,0.0,2,17.3
42,2020-2021,3,Köln,Timo Horn,GER,27,90.0,Home,Mönchengladbach,Defeat,9,3,7,77.8,2.2,6,17,35.3,32,5,50.0,40.6,2,50.0,49.0,4,0,0.0,1,14.8
43,2020-2021,3,Mönchengladbach,Yann Sommer,SUI,31,90.0,Away,Köln,Win,2,1,1,50.0,0.1,7,17,41.2,57,6,28.1,32.5,6,16.7,24.3,8,1,12.5,2,19.3
44,2020-2021,3,Dortmund,Marwin Hitz,SUI,33,90.0,Home,Freiburg,Win,2,0,2,100.0,0.4,5,9,55.6,33,5,24.2,28.0,3,33.3,29.7,2,1,50.0,1,17.2
45,2020-2021,3,Freiburg,Florian Müller,GER,22,90.0,Away,Dortmund,Defeat,6,4,2,33.3,2.7,6,20,30.0,30,3,43.3,38.6,10,70.0,52.0,4,0,0.0,0,11.0
46,2020-2021,3,Eintracht Frankfurt,Kevin Trapp,GER,30,90.0,Home,Hoffenheim,Win,3,1,2,66.7,1.3,12,23,52.2,38,7,50.0,39.3,7,57.1,49.9,6,2,33.3,2,18.4
47,2020-2021,3,Hoffenheim,Oliver Baumann,GER,30,90.0,Away,Eintracht Frankfurt,Defeat,6,2,4,66.7,2.2,5,18,27.8,40,7,40.0,36.1,12,16.7,29.8,8,0,0.0,0,13.4
48,2020-2021,3,RB Leipzig,Péter Gulácsi,HUN,30,90.0,Home,Schalke 04,Win,1,0,1,100.0,0.0,1,2,50.0,21,4,9.5,27.7,4,0.0,16.3,1,0,0.0,0,13.0
49,2020-2021,3,Schalke 04,Ralf Fährmann,GER,32,45.0,Away,RB Leipzig,Defeat,3,3,1,0.0,1.3,7,15,46.7,17,2,58.8,40.3,7,71.4,48.3,5,0,0.0,1,13.5
50,2020-2021,3,Schalke 04,Frederik Rønnow,DEN,28,45.0,Away,RB Leipzig,Defeat,3,1,3,100.0,1.6,3,7,42.9,13,3,46.2,36.4,6,16.7,22.3,5,0,0.0,0,4.0
51,2020-2021,3,Wolfsburg,Koen Casteels,BEL,28,90.0,Home,Augsburg,Draw,1,0,1,100.0,0.1,4,9,44.4,28,5,25.0,34.1,4,50.0,41.5,6,2,33.3,1,17.0
52,2020-2021,3,Augsburg,Rafał Gikiewicz,POL,32,90.0,Away,Wolfsburg,Draw,5,1,5,80.0,0.7,10,24,41.7,29,8,55.2,42.9,10,80.0,59.3,10,2,20.0,1,10.8
53,2020-2021,3,Bayern Munich,Manuel Neuer,GER,34,90.0,Home,Hertha BSC,Win,5,3,2,40.0,2.3,4,4,100.0,18,2,16.7,26.9,5,20.0,33.0,12,0,0.0,0,12.0
54,2020-2021,3,Hertha BSC,Alexander Schwolow,GER,28,90.0,Away,Bayern Munich,Defeat,8,4,5,62.5,4.0,4,16,25.0,17,1,52.9,42.2,11,63.6,52.3,16,1,6.3,0,8.0
55,2020-2021,4,Freiburg,Florian Müller,GER,22,90.0,Home,Werder Bremen,Draw,3,1,3,100.0,1.7,3,8,37.5,18,2,22.2,29.7,9,44.4,46.6,6,0,0.0,0,10.0
56,2020-2021,4,Werder Bremen,Jiří Pavlenka,CZE,28,90.0,Away,Freiburg,Draw,4,1,3,75.0,0.7,10,20,50.0,23,4,60.9,45.0,11,54.5,47.0,16,1,6.3,1,14.1
57,2020-2021,4,Hertha BSC,Alexander Schwolow,GER,28,90.0,Home,Stuttgart,Defeat,2,2,0,0.0,0.8,10,17,58.8,40,10,40.0,35.7,8,12.5,21.6,7,0,0.0,1,16.3
58,2020-2021,4,Stuttgart,Gregor Kobel,SUI,22,90.0,Away,Hertha BSC,Win,4,0,4,100.0,0.6,2,14,14.3,23,6,56.5,42.1,11,9.1,17.9,12,0,0.0,0,10.7
59,2020-2021,4,Hoffenheim,Oliver Baumann,GER,30,90.0,Home,Dortmund,Defeat,4,1,3,75.0,1.3,5,16,31.3,43,7,34.9,33.1,6,16.7,25.5,8,0,0.0,2,14.2
60,2020-2021,4,Dortmund,Marwin Hitz,SUI,33,90.0,Away,Hoffenheim,Win,3,0,3,100.0,0.2,9,16,56.3,28,6,39.3,35.6,7,71.4,57.9,7,2,28.6,0,14.8
61,2020-2021,4,Augsburg,Rafał Gikiewicz,POL,32,90.0,Home,RB Leipzig,Defeat,6,2,3,66.7,2.9,6,20,30.0,38,7,44.7,37.7,8,37.5,34.1,8,1,12.5,0,13.4
62,2020-2021,4,RB Leipzig,Péter Gulácsi,HUN,30,90.0,Away,Augsburg,Win,2,0,2,100.0,0.8,2,3,66.7,30,7,6.7,23.6,2,50.0,44.5,5,0,0.0,1,23.8
63,2020-2021,4,Mainz 05,Robin Zentner,GER,25,90.0,Home,Bayer Leverkusen,Defeat,4,1,3,75.0,0.5,10,20,50.0,28,6,53.6,39.8,8,62.5,48.4,6,1,16.7,1,21.7
64,2020-2021,4,Bayer Leverkusen,Lukáš Hrádecký,FIN,30,90.0,Away,Mainz 05,Win,0,0,0,,0.0,9,18,50.0,44,6,36.4,35.9,7,28.6,29.3,8,1,12.5,2,18.6
65,2020-2021,4,Arminia,Stefan Ortega,GER,27,90.0,Home,Bayern Munich,Defeat,10,4,6,60.0,3.3,8,21,38.1,45,4,44.4,42.9,8,12.5,22.9,16,2,12.5,0,10.0
66,2020-2021,4,Bayern Munich,Manuel Neuer,GER,34,90.0,Away,Arminia,Win,5,1,4,80.0,1.9,8,10,80.0,37,7,27.0,31.5,4,0.0,27.0,0,0,,0,8.0
67,2020-2021,4,Mönchengladbach,Yann Sommer,SUI,31,90.0,Home,Wolfsburg,Draw,5,1,4,80.0,1.2,5,12,41.7,29,6,37.9,35.3,6,16.7,17.8,8,1,12.5,0,12.0
68,2020-2021,4,Wolfsburg,Koen Casteels,BEL,28,90.0,Away,Mönchengladbach,Draw,1,1,1,100.0,0.4,9,23,39.1,39,6,41.0,36.9,9,77.8,52.7,8,2,25.0,0,10.7
69,2020-2021,4,Köln,Timo Horn,GER,27,90.0,Home,Eintracht Frankfurt,Draw,3,1,3,100.0,1.5,11,23,47.8,29,1,58.6,44.5,9,66.7,48.7,13,1,7.7,1,13.8
70,2020-2021,4,Eintracht Frankfurt,Kevin Trapp,GER,30,90.0,Away,Köln,Draw,5,1,4,80.0,1.3,21,33,63.6,50,1,56.0,38.9,5,100.0,74.6,9,1,11.1,0,21.0
71,2020-2021,4,Schalke 04,Frederik Rønnow,DEN,28,90.0,Home,Union Berlin,Draw,7,1,6,85.7,1.5,6,14,42.9,28,6,25.0,29.8,11,63.6,48.8,7,0,0.0,0,17.3
72,2020-2021,4,Union Berlin,Andreas Luthe,GER,33,90.0,Away,Schalke 04,Draw,4,1,2,75.0,0.3,8,16,50.0,26,2,53.8,42.3,3,66.7,48.3,5,0,0.0,0,16.5
73,2020-2021,5,Stuttgart,Gregor Kobel,SUI,22,90.0,Home,Köln,Draw,3,1,3,100.0,1.1,7,12,58.3,24,4,37.5,31.5,8,37.5,36.5,19,1,5.3,1,12.2
74,2020-2021,5,Köln,Timo Horn,GER,27,90.0,Away,Stuttgart,Draw,4,1,3,75.0,1.6,12,22,54.5,38,3,55.3,40.7,3,33.3,36.7,7,0,0.0,0,15.7
75,2020-2021,5,Union Berlin,Andreas Luthe,GER,33,90.0,Home,Freiburg,Draw,4,1,3,75.0,0.9,6,18,33.3,29,3,51.7,44.0,4,75.0,53.5,8,0,0.0,0,14.1
76,2020-2021,5,Freiburg,Florian Müller,GER,22,90.0,Away,Union Berlin,Draw,7,1,6,85.7,1.5,10,26,38.5,31,3,48.4,45.2,12,91.7,70.3,15,1,6.7,1,17.3
77,2020-2021,5,RB Leipzig,Péter Gulácsi,HUN,30,90.0,Home,Hertha BSC,Win,2,1,1,50.0,0.9,4,7,57.1,17,1,35.3,34.4,7,14.3,29.3,2,0,0.0,4,22.1
78,2020-2021,5,Hertha BSC,Alexander Schwolow,GER,28,90.0,Away,RB Leipzig,Defeat,7,2,6,85.7,2.9,8,28,28.6,29,5,48.3,38.9,19,73.7,57.2,14,2,14.3,0,18.3
79,2020-2021,5,Mainz 05,Robin Zentner,GER,25,90.0,Home,Mönchengladbach,Defeat,8,3,6,75.0,3.1,8,28,28.6,43,6,48.8,39.2,7,100.0,77.1,10,0,0.0,2,13.1
80,2020-2021,5,Mönchengladbach,Yann Sommer,SUI,31,90.0,Away,Mainz 05,Win,6,2,4,66.7,2.2,3,10,30.0,32,4,31.3,34.0,4,0.0,14.8,10,0,0.0,0,13.0
81,2020-2021,5,Bayern Munich,Manuel Neuer,GER,34,90.0,Home,Eintracht Frankfurt,Win,2,0,2,100.0,0.2,12,19,63.2,55,12,32.7,30.7,7,14.3,22.3,10,0,0.0,0,13.1
82,2020-2021,5,Eintracht Frankfurt,Kevin Trapp,GER,30,90.0,Away,Bayern Munich,Defeat,9,5,4,44.4,4.1,8,18,44.4,24,5,58.3,44.3,9,44.4,38.6,10,1,10.0,0,11.5
83,2020-2021,5,Dortmund,Roman Bürki,SUI,29,90.0,Home,Schalke 04,Win,0,0,0,,0.0,1,6,16.7,24,1,25.0,31.4,2,0.0,17.5,0,0,,0,13.0
84,2020-2021,5,Schalke 04,Frederik Rønnow,DEN,28,90.0,Away,Dortmund,Defeat,7,3,4,57.1,2.0,4,16,25.0,21,4,57.1,42.4,6,66.7,56.5,3,0,0.0,0,12.0
85,2020-2021,5,Wolfsburg,Koen Casteels,BEL,28,90.0,Home,Arminia,Win,1,1,0,0.0,0.8,11,22,50.0,35,7,48.6,39.0,5,100.0,68.8,9,0,0.0,0,14.8
86,2020-2021,5,Arminia,Stefan Ortega,GER,27,90.0,Away,Wolfsburg,Defeat,4,2,2,50.0,1.9,11,28,39.3,54,2,48.1,38.7,4,50.0,46.8,12,0,0.0,2,14.0
87,2020-2021,5,Werder Bremen,Jiří Pavlenka,CZE,28,90.0,Home,Hoffenheim,Draw,4,1,3,75.0,0.9,5,13,38.5,26,6,23.1,31.0,9,77.8,53.1,15,1,6.7,1,13.8
88,2020-2021,5,Hoffenheim,Philipp Pentke,GER,35,90.0,Away,Werder Bremen,Draw,2,1,1,50.0,0.4,2,6,33.3,25,5,20.0,29.8,4,25.0,31.5,2,0,0.0,1,20.3
89,2020-2021,5,Bayer Leverkusen,Lukáš Hrádecký,FIN,30,90.0,Home,Augsburg,Win,3,1,2,66.7,0.2,6,18,33.3,40,7,40.0,36.7,5,40.0,33.8,5,0,0.0,1,20.0
90,2020-2021,5,Augsburg,Rafał Gikiewicz,POL,33,90.0,Away,Bayer Leverkusen,Defeat,6,3,4,66.7,2.6,5,13,38.5,35,6,31.4,32.7,6,33.3,34.0,9,1,11.1,3,19.9
91,2020-2021,6,Schalke 04,Frederik Rønnow,DEN,28,90.0,Home,Stuttgart,Draw,7,1,7,100.0,2.2,6,7,85.7,30,10,16.7,29.0,8,25.0,30.6,9,0,0.0,0,14.5
92,2020-2021,6,Stuttgart,Gregor Kobel,SUI,22,90.0,Away,Schalke 04,Draw,2,1,1,50.0,0.9,5,8,62.5,25,6,24.0,29.4,5,40.0,25.6,2,0,0.0,1,14.2
93,2020-2021,6,Arminia,Stefan Ortega,GER,27,90.0,Home,Dortmund,Defeat,10,2,8,80.0,2.4,13,33,39.4,40,5,62.5,46.7,10,80.0,55.6,11,0,0.0,0,13.4
94,2020-2021,6,Dortmund,Roman Bürki,SUI,29,90.0,Away,Arminia,Win,2,0,2,100.0,0.3,5,11,45.5,29,3,31.0,35.7,4,50.0,45.5,2,0,0.0,0,17.0
95,2020-2021,6,Köln,Timo Horn,GER,27,90.0,Home,Bayern Munich,Defeat,3,2,2,66.7,1.4,13,25,52.0,33,1,57.6,42.1,11,54.5,45.1,6,0,0.0,1,11.0
96,2020-2021,6,Bayern Munich,Manuel Neuer,GER,34,90.0,Away,Köln,Win,2,1,1,50.0,1.4,2,5,40.0,29,7,13.8,29.0,5,20.0,37.8,11,0,0.0,1,18.8
97,2020-2021,6,Augsburg,Rafał Gikiewicz,POL,33,90.0,Home,Mainz 05,Win,4,1,3,75.0,0.4,8,18,44.4,47,7,31.9,30.5,10,30.0,35.5,8,1,12.5,1,18.6
98,2020-2021,6,Mainz 05,Robin Zentner,GER,26,90.0,Away,Augsburg,Defeat,6,3,3,50.0,2.6,3,7,42.9,31,8,16.1,26.6,9,22.2,34.9,7,1,14.3,2,20.5
99,2020-2021,6,Eintracht Frankfurt,Kevin Trapp,GER,30,90.0,Home,Werder Bremen,Draw,4,1,3,75.0,0.4,3,5,60.0,30,6,16.7,25.7,5,0.0,17.2,7,1,14.3,1,18.7
100,2020-2021,6,Werder Bremen,Jiří Pavlenka,CZE,28,90.0,Away,Eintracht Frankfurt,Draw,5,1,4,80.0,1.8,12,27,44.4,27,6,66.7,52.0,10,90.0,67.6,18,2,11.1,0,7.7
101,2020-2021,6,Mönchengladbach,Yann Sommer,SUI,31,90.0,Home,RB Leipzig,Win,3,0,3,100.0,0.8,8,19,42.1,39,4,35.9,36.1,13,38.5,38.1,9,2,22.2,0,11.8
102,2020-2021,6,RB Leipzig,Péter Gulácsi,HUN,30,90.0,Away,Mönchengladbach,Defeat,3,1,2,66.7,1.0,4,10,40.0,37,8,24.3,30.1,1,100.0,41.0,9,1,11.1,1,16.2
103,2020-2021,6,Freiburg,Florian Müller,GER,22,90.0,Home,Bayer Leverkusen,Defeat,7,4,3,42.9,2.2,5,18,27.8,36,4,44.4,42.2,5,40.0,45.4,10,0,0.0,0,9.3
104,2020-2021,6,Bayer Leverkusen,Lukáš Hrádecký,FIN,30,90.0,Away,Freiburg,Win,5,2,3,60.0,1.3,5,27,18.5,61,5,41.0,40.0,5,40.0,44.4,5,0,0.0,1,14.8
105,2020-2021,6,Hertha BSC,Alexander Schwolow,GER,28,90.0,Home,Wolfsburg,Draw,4,1,3,75.0,0.6,6,14,42.9,26,4,50.0,37.9,7,14.3,29.1,5,0,0.0,1,23.5
106,2020-2021,6,Wolfsburg,Koen Casteels,BEL,28,90.0,Away,Hertha BSC,Draw,5,1,4,80.0,1.0,5,13,38.5,18,5,50.0,37.6,9,44.4,40.8,7,0,0.0,0,12.2
107,2020-2021,6,Hoffenheim,Oliver Baumann,GER,30,90.0,Home,Union Berlin,Defeat,5,3,3,60.0,3.4,4,9,44.4,39,7,20.5,27.8,9,11.1,22.1,3,0,0.0,2,22.6
108,2020-2021,6,Union Berlin,Andreas Luthe,GER,33,90.0,Away,Hoffenheim,Win,4,1,3,75.0,1.4,4,19,21.1,32,6,43.8,39.4,7,71.4,46.1,6,1,16.7,1,13.0
109,2020-2021,7,Werder Bremen,Jiří Pavlenka,CZE,28,90.0,Home,Köln,Draw,1,1,1,0.0,0.1,1,2,50.0,19,2,10.5,22.8,1,0.0,22.0,9,0,0.0,0,15.0
110,2020-2021,7,Köln,Timo Horn,GER,27,39.0,Away,Werder Bremen,Draw,1,0,1,100.0,0.7,1,1,100.0,9,3,11.1,23.9,2,0.0,22.5,2,0,0.0,0,9.0
111,2020-2021,7,Köln,Ron-Robert Zieler,GER,31,51.0,Away,Werder Bremen,Draw,2,1,2,100.0,0.7,6,11,54.5,17,4,35.3,35.0,6,83.3,49.7,10,0,0.0,0,11.8
112,2020-2021,7,Augsburg,Rafał Gikiewicz,POL,33,90.0,Home,Hertha BSC,Defeat,5,3,3,60.0,3.2,3,10,30.0,28,8,28.6,30.9,8,25.0,27.1,7,2,28.6,1,15.0
113,2020-2021,7,Hertha BSC,Alexander Schwolow,GER,28,90.0,Away,Augsburg,Win,1,0,1,100.0,0.2,2,6,33.3,23,5,13.0,30.8,6,50.0,45.8,7,2,28.6,1,14.2
114,2020-2021,7,RB Leipzig,Péter Gulácsi,HUN,30,90.0,Home,Freiburg,Win,3,0,3,100.0,0.3,5,12,41.7,36,6,25.0,30.3,6,50.0,46.0,7,0,0.0,2,20.8
115,2020-2021,7,Freiburg,Florian Müller,GER,22,90.0,Away,RB Leipzig,Defeat,6,3,4,66.7,2.4,2,16,12.5,33,3,42.4,40.3,5,40.0,39.0,8,1,12.5,1,16.7
116,2020-2021,7,Mainz 05,Robin Zentner,GER,26,90.0,Home,Schalke 04,Draw,3,2,2,33.3,0.9,3,18,16.7,23,7,39.1,37.5,9,100.0,69.1,12,0,0.0,1,12.3
117,2020-2021,7,Schalke 04,Frederik Rønnow,DEN,28,90.0,Away,Mainz 05,Draw,5,2,5,100.0,2.8,5,8,62.5,30,6,20.0,28.4,6,33.3,32.3,3,0,0.0,0,9.7
118,2020-2021,7,Union Berlin,Andreas Luthe,GER,33,90.0,Home,Arminia,Win,1,0,1,100.0,0.6,9,10,90.0,34,5,26.5,30.3,2,50.0,41.5,7,1,14.3,0,10.6
119,2020-2021,7,Arminia,Stefan Ortega,GER,28,90.0,Away,Union Berlin,Defeat,8,5,4,50.0,2.8,2,6,33.3,35,4,11.4,30.5,3,66.7,40.0,3,0,0.0,0,14.7
120,2020-2021,7,Stuttgart,Gregor Kobel,SUI,22,90.0,Home,Eintracht Frankfurt,Draw,7,2,5,71.4,2.5,4,13,30.8,26,6,38.5,32.7,9,33.3,19.4,13,1,7.7,0,12.8
121,2020-2021,7,Eintracht Frankfurt,Kevin Trapp,GER,30,90.0,Away,Stuttgart,Draw,4,2,3,75.0,1.2,4,11,36.4,24,3,33.3,32.1,8,37.5,41.6,5,0,0.0,0,13.0
122,2020-2021,7,Dortmund,Roman Bürki,SUI,29,90.0,Home,Bayern Munich,Defeat,7,3,4,57.1,1.9,3,11,27.3,23,6,43.5,35.9,6,16.7,22.7,13,2,15.4,0,9.5
123,2020-2021,7,Bayern Munich,Manuel Neuer,GER,34,90.0,Away,Dortmund,Win,5,2,3,60.0,2.5,14,25,56.0,50,7,42.0,37.3,8,50.0,40.0,9,0,0.0,3,14.9
124,2020-2021,7,Wolfsburg,Koen Casteels,BEL,28,90.0,Home,Hoffenheim,Win,4,1,3,75.0,1.7,12,24,50.0,24,6,62.5,44.7,10,90.0,63.1,16,1,6.3,1,16.4
125,2020-2021,7,Hoffenheim,Oliver Baumann,GER,30,90.0,Away,Wolfsburg,Defeat,7,2,5,71.4,2.6,8,17,47.1,34,3,47.1,36.3,5,20.0,35.0,10,0,0.0,2,17.2
126,2020-2021,7,Bayer Leverkusen,Lukáš Hrádecký,FIN,30,90.0,Home,Mönchengladbach,Win,5,3,3,60.0,3.2,5,19,26.3,59,5,27.1,31.0,5,60.0,40.6,4,1,25.0,1,17.1
127,2020-2021,7,Mönchengladbach,Yann Sommer,SUI,31,90.0,Away,Bayer Leverkusen,Defeat,4,4,0,0.0,2.5,2,10,20.0,30,2,30.0,29.9,8,12.5,20.8,8,0,0.0,0,12.5
128,2020-2021,8,Arminia,Stefan Ortega,GER,28,90.0,Home,Bayer Leverkusen,Defeat,4,2,2,50.0,1.4,12,28,42.9,44,4,52.3,43.3,5,100.0,63.4,20,0,0.0,1,17.5
129,2020-2021,8,Bayer Leverkusen,Lukáš Hrádecký,FIN,30,90.0,Away,Arminia,Win,0,1,0,,0.0,8,19,42.1,45,3,42.2,38.4,2,0.0,24.0,5,1,20.0,2,19.5
130,2020-2021,8,Bayern Munich,Manuel Neuer,GER,34,90.0,Home,Werder Bremen,Draw,4,1,3,75.0,1.9,6,7,85.7,16,2,25.0,30.6,4,75.0,44.0,5,0,0.0,1,18.3
131,2020-2021,8,Werder Bremen,Jiří Pavlenka,CZE,28,90.0,Away,Bayern Munich,Draw,2,1,1,50.0,0.9,11,23,47.8,21,9,52.4,38.0,17,70.6,47.0,14,2,14.3,0,5.3
132,2020-2021,8,Schalke 04,Frederik Rønnow,DEN,28,90.0,Home,Wolfsburg,Defeat,7,2,5,71.4,2.8,3,13,23.1,31,8,35.5,32.2,8,25.0,28.0,4,1,25.0,0,10.3
133,2020-2021,8,Wolfsburg,Koen Casteels,BEL,28,90.0,Away,Schalke 04,Win,6,0,6,100.0,0.7,8,21,38.1,39,6,38.5,36.6,7,85.7,61.4,10,0,0.0,0,12.2
134,2020-2021,8,Hoffenheim,Oliver Baumann,GER,30,90.0,Home,Stuttgart,Draw,9,3,6,66.7,4.1,5,16,31.3,28,6,46.4,35.5,7,42.9,40.0,8,1,12.5,3,18.5
135,2020-2021,8,Stuttgart,Gregor Kobel,SUI,22,90.0,Away,Hoffenheim,Draw,7,3,5,71.4,2.2,4,8,50.0,38,11,21.1,26.1,6,0.0,8.8,10,0,0.0,1,16.4
136,2020-2021,8,Mönchengladbach,Yann Sommer,SUI,31,90.0,Home,Augsburg,Draw,5,1,4,80.0,1.4,3,12,25.0,37,4,29.7,31.1,4,25.0,36.3,9,0,0.0,0,8.0
137,2020-2021,8,Augsburg,Rafał Gikiewicz,POL,33,90.0,Away,Mönchengladbach,Draw,6,1,4,83.3,1.5,7,17,41.2,39,4,25.6,26.9,14,50.0,51.3,12,0,0.0,1,18.3
138,2020-2021,8,Eintracht Frankfurt,Kevin Trapp,GER,30,90.0,Home,RB Leipzig,Draw,2,1,1,50.0,1.0,11,32,34.4,45,8,57.8,40.6,7,85.7,55.6,12,0,0.0,1,12.9
139,2020-2021,8,RB Leipzig,Péter Gulácsi,HUN,30,90.0,Away,Eintracht Frankfurt,Draw,3,1,1,66.7,1.0,9,17,52.9,33,4,33.3,34.0,12,50.0,40.9,7,2,28.6,3,28.3
140,2020-2021,8,Hertha BSC,Alexander Schwolow,GER,28,90.0,Home,Dortmund,Defeat,8,5,3,37.5,4.0,6,14,42.9,28,2,42.9,36.4,7,28.6,27.3,4,0,0.0,0,8.3
141,2020-2021,8,Dortmund,Roman Bürki,SUI,30,90.0,Away,Hertha BSC,Win,2,2,1,50.0,1.0,2,7,28.6,18,5,38.9,38.5,3,0.0,13.7,5,0,0.0,0,6.8
142,2020-2021,8,Freiburg,Florian Müller,GER,23,90.0,Home,Mainz 05,Defeat,8,3,5,62.5,2.5,1,7,14.3,35,1,5.7,21.7,9,55.6,44.0,3,0,0.0,1,45.0
143,2020-2021,8,Mainz 05,Robin Zentner,GER,26,90.0,Away,Freiburg,Win,6,1,5,83.3,0.8,7,24,29.2,25,8,56.0,46.6,11,90.9,66.2,18,3,16.7,0,7.5
144,2020-2021,8,Köln,Timo Horn,GER,27,90.0,Home,Union Berlin,Defeat,2,2,0,0.0,1.8,5,13,38.5,33,8,36.4,36.3,1,100.0,69.0,14,0,0.0,0,9.8
145,2020-2021,8,Union Berlin,Andreas Luthe,GER,33,90.0,Away,Köln,Win,3,1,2,66.7,0.9,3,12,25.0,26,4,26.9,30.5,10,50.0,39.1,7,0,0.0,0,7.5
146,2020-2021,9,Wolfsburg,Koen Casteels,BEL,28,90.0,Home,Werder Bremen,Win,4,3,2,25.0,1.5,6,7,85.7,21,5,28.6,29.2,4,25.0,29.0,6,3,50.0,0,17.0
147,2020-2021,9,Werder Bremen,Jiří Pavlenka,CZE,28,90.0,Away,Wolfsburg,Defeat,6,5,1,16.7,2.1,5,13,38.5,27,9,40.7,37.2,6,33.3,31.3,10,0,0.0,1,12.7
148,2020-2021,9,Dortmund,Roman Bürki,SUI,30,90.0,Home,Köln,Defeat,5,2,3,60.0,2.0,2,3,66.7,19,8,15.8,22.2,2,0.0,24.5,4,1,25.0,0,16.8
149,2020-2021,9,Köln,Timo Horn,GER,27,90.0,Away,Dortmund,Win,4,1,3,75.0,1.3,12,30,40.0,26,2,76.9,53.8,11,90.9,64.5,8,0,0.0,0,9.0
150,2020-2021,9,RB Leipzig,Péter Gulácsi,HUN,30,90.0,Home,Arminia,Win,3,1,2,66.7,0.5,2,7,28.6,24,1,29.2,29.7,5,0.0,24.8,6,0,0.0,1,18.3
151,2020-2021,9,Arminia,Stefan Ortega,GER,28,90.0,Away,RB Leipzig,Defeat,5,2,3,60.0,2.0,20,37,54.1,57,3,61.4,43.8,5,40.0,32.6,5,0,0.0,0,12.4
152,2020-2021,9,Augsburg,Rafał Gikiewicz,POL,33,90.0,Home,Freiburg,Draw,5,1,4,80.0,0.4,11,18,61.1,58,8,31.0,30.3,7,0.0,17.6,17,0,0.0,2,15.3
153,2020-2021,9,Freiburg,Florian Müller,GER,23,90.0,Away,Augsburg,Draw,2,1,1,50.0,0.3,12,25,48.0,36,3,41.7,43.6,11,90.9,64.0,8,0,0.0,0,17.3
154,2020-2021,9,Stuttgart,Gregor Kobel,SUI,22,90.0,Home,Bayern Munich,Defeat,6,3,3,50.0,0.7,3,6,50.0,28,11,17.9,21.8,7,14.3,19.0,12,0,0.0,0,12.8
155,2020-2021,9,Bayern Munich,Manuel Neuer,GER,34,90.0,Away,Stuttgart,Win,5,1,4,80.0,1.6,12,19,63.2,41,6,36.6,34.1,10,40.0,35.5,9,1,11.1,0,14.3
156,2020-2021,9,Union Berlin,Andreas Luthe,GER,33,90.0,Home,Eintracht Frankfurt,Draw,3,3,0,0.0,1.9,2,21,9.5,25,1,56.0,42.4,9,77.8,52.3,10,0,0.0,0,7.8
157,2020-2021,9,Eintracht Frankfurt,Kevin Trapp,GER,30,90.0,Away,Union Berlin,Draw,6,3,4,66.7,3.4,6,14,42.9,35,5,31.4,32.5,7,42.9,39.4,11,1,9.1,1,16.2
158,2020-2021,9,Mönchengladbach,Yann Sommer,SUI,31,90.0,Home,Schalke 04,Win,2,1,1,50.0,0.9,6,12,50.0,40,2,25.0,30.4,7,28.6,25.6,4,1,25.0,0,9.5
159,2020-2021,9,Schalke 04,Frederik Rønnow,DEN,28,90.0,Away,Mönchengladbach,Defeat,9,4,5,55.6,3.6,4,11,36.4,26,4,30.8,31.6,7,42.9,34.7,5,0,0.0,2,21.4
160,2020-2021,9,Bayer Leverkusen,Lukáš Hrádecký,FIN,31,90.0,Home,Hertha BSC,Draw,3,0,3,100.0,0.7,9,20,45.0,46,4,41.3,34.8,4,25.0,21.0,6,1,16.7,2,25.7
161,2020-2021,9,Hertha BSC,Alexander Schwolow,GER,28,90.0,Away,Bayer Leverkusen,Draw,2,0,2,100.0,0.2,11,22,50.0,38,3,44.7,39.2,9,55.6,43.8,8,0,0.0,0,10.6
162,2020-2021,9,Mainz 05,Robin Zentner,GER,26,90.0,Home,Hoffenheim,Draw,4,1,3,75.0,1.3,5,16,31.3,23,4,47.8,39.5,9,55.6,42.9,16,0,0.0,1,10.4
163,2020-2021,9,Hoffenheim,Oliver Baumann,GER,30,90.0,Away,Mainz 05,Draw,4,1,3,75.0,1.0,6,13,46.2,29,4,44.8,37.9,3,0.0,15.7,14,0,0.0,1,10.0
164,2020-2021,10,Hertha BSC,Alexander Schwolow,GER,28,90.0,Home,Union Berlin,Win,1,1,0,0.0,0.8,4,8,50.0,22,4,22.7,31.3,4,75.0,61.5,7,0,0.0,0,11.5
165,2020-2021,10,Union Berlin,Andreas Luthe,GER,33,90.0,Away,Hertha BSC,Defeat,7,3,4,57.1,2.3,8,15,53.3,18,3,55.6,44.9,6,83.3,56.5,10,1,10.0,0,12.0
166,2020-2021,10,Arminia,Stefan Ortega,GER,28,90.0,Home,Mainz 05,Win,5,1,4,80.0,1.5,15,27,55.6,36,2,52.8,43.3,9,88.9,61.4,11,0,0.0,0,8.3
167,2020-2021,10,Mainz 05,Robin Zentner,GER,26,90.0,Away,Arminia,Defeat,5,2,3,60.0,1.5,4,13,30.8,28,12,28.6,31.4,8,62.5,54.5,8,0,0.0,0,9.2
168,2020-2021,10,Freiburg,Florian Müller,GER,23,90.0,Home,Mönchengladbach,Draw,4,2,2,50.0,1.4,10,22,45.5,29,6,48.3,43.8,8,100.0,71.9,5,1,20.0,1,19.0
169,2020-2021,10,Mönchengladbach,Yann Sommer,SUI,31,90.0,Away,Freiburg,Draw,6,2,5,83.3,1.9,10,17,58.8,44,6,34.1,33.6,12,16.7,23.4,7,0,0.0,0,7.2
170,2020-2021,10,Köln,Timo Horn,GER,27,90.0,Home,Wolfsburg,Draw,6,2,4,66.7,1.3,15,27,55.6,25,1,80.0,55.2,9,77.8,56.8,8,1,12.5,1,11.2
171,2020-2021,10,Wolfsburg,Koen Casteels,BEL,28,90.0,Away,Köln,Draw,3,2,1,33.3,2.3,3,8,37.5,28,5,17.9,28.5,4,75.0,65.0,8,1,12.5,1,14.7
172,2020-2021,10,Eintracht Frankfurt,Kevin Trapp,GER,30,90.0,Home,Dortmund,Draw,5,1,4,80.0,0.5,8,30,26.7,31,3,80.6,49.2,9,55.6,41.9,6,0,0.0,0,11.8
173,2020-2021,10,Dortmund,Roman Bürki,SUI,30,90.0,Away,Eintracht Frankfurt,Draw,1,1,0,0.0,0.3,4,14,28.6,32,4,34.4,31.3,7,42.9,35.6,7,0,0.0,0,13.0
174,2020-2021,10,Bayern Munich,Manuel Neuer,GER,34,90.0,Home,RB Leipzig,Draw,4,3,1,25.0,2.0,6,12,50.0,36,5,30.6,33.2,4,25.0,26.5,6,0,0.0,6,23.2
175,2020-2021,10,RB Leipzig,Péter Gulácsi,HUN,30,90.0,Away,Bayern Munich,Draw,5,3,2,40.0,1.1,6,11,54.5,30,12,36.7,36.0,8,0.0,22.9,11,1,9.1,0,14.5
176,2020-2021,10,Werder Bremen,Jiří Pavlenka,CZE,28,90.0,Home,Stuttgart,Defeat,5,2,4,80.0,2.1,8,13,61.5,28,3,42.9,37.0,6,16.7,17.0,6,0,0.0,1,28.0
177,2020-2021,10,Stuttgart,Gregor Kobel,SUI,23,90.0,Away,Werder Bremen,Win,3,1,2,66.7,0.6,4,11,36.4,35,8,31.4,31.4,9,0.0,9.0,12,0,0.0,2,15.1
178,2020-2021,10,Schalke 04,Michael Langer,AUT,35,90.0,Home,Bayer Leverkusen,Defeat,9,3,7,66.7,3.1,8,14,57.1,13,1,53.8,40.8,15,46.7,36.6,9,0,0.0,0,6.0
179,2020-2021,10,Bayer Leverkusen,Lukáš Hrádecký,FIN,31,90.0,Away,Schalke 04,Win,3,0,3,100.0,1.1,13,24,54.2,47,6,44.7,39.4,4,75.0,55.8,7,0,0.0,1,16.7
180,2020-2021,10,Hoffenheim,Oliver Baumann,GER,30,90.0,Home,Augsburg,Win,2,1,1,50.0,0.5,8,14,57.1,45,7,26.7,28.2,7,28.6,31.9,12,0,0.0,1,15.9
181,2020-2021,10,Augsburg,Rafał Gikiewicz,POL,33,90.0,Away,Hoffenheim,Defeat,7,3,4,57.1,2.8,7,11,63.6,34,7,32.4,32.9,3,0.0,19.7,6,1,16.7,0,14.6
182,2020-2021,11,Wolfsburg,Koen Casteels,BEL,28,90.0,Home,Eintracht Frankfurt,Win,3,1,3,100.0,1.2,8,21,38.1,41,3,43.9,39.1,3,100.0,66.7,8,1,12.5,1,15.8
183,2020-2021,11,Eintracht Frankfurt,Kevin Trapp,GER,30,90.0,Away,Wolfsburg,Defeat,8,2,7,87.5,3.0,9,26,34.6,40,8,57.5,42.8,9,33.3,33.0,11,2,18.2,2,13.5
184,2020-2021,11,Dortmund,Roman Bürki,SUI,30,90.0,Home,Stuttgart,Defeat,9,5,5,55.6,4.1,7,11,63.6,28,4,32.1,32.3,4,50.0,44.3,7,0,0.0,2,18.3
185,2020-2021,11,Stuttgart,Gregor Kobel,SUI,23,90.0,Away,Dortmund,Win,4,1,3,75.0,1.0,2,11,18.2,21,5,47.6,44.0,5,20.0,16.6,10,0,0.0,0,11.1
186,2020-2021,11,Mönchengladbach,Tobias Sippel,GER,32,90.0,Home,Hertha BSC,Draw,2,1,1,50.0,1.2,5,9,55.6,20,2,40.0,35.5,5,20.0,20.2,6,1,16.7,2,24.0
187,2020-2021,11,Hertha BSC,Alexander Schwolow,GER,28,90.0,Away,Mönchengladbach,Draw,3,1,2,66.7,1.2,12,21,57.1,31,4,41.9,38.2,9,88.9,62.2,10,0,0.0,1,14.0
188,2020-2021,11,Freiburg,Florian Müller,GER,23,90.0,Home,Arminia,Win,3,0,3,100.0,1.2,7,20,35.0,35,9,51.4,43.4,4,50.0,43.3,9,0,0.0,1,11.2
189,2020-2021,11,Arminia,Stefan Ortega,GER,28,90.0,Away,Freiburg,Defeat,6,2,5,83.3,2.8,13,32,40.6,71,5,36.6,37.8,8,75.0,58.4,8,1,12.5,3,19.8
190,2020-2021,11,Mainz 05,Robin Zentner,GER,26,90.0,Home,Köln,Defeat,6,1,5,83.3,1.4,3,10,30.0,29,9,24.1,29.8,4,75.0,60.0,9,4,44.4,1,19.4
191,2020-2021,11,Köln,Timo Horn,GER,27,90.0,Away,Mainz 05,Win,4,0,4,100.0,0.8,11,27,40.7,34,4,55.9,46.3,11,72.7,51.1,13,0,0.0,1,14.5
192,2020-2021,11,RB Leipzig,Péter Gulácsi,HUN,30,90.0,Home,Werder Bremen,Win,2,0,2,100.0,0.1,3,7,42.9,25,6,28.0,33.6,3,0.0,15.0,10,1,10.0,2,18.0
193,2020-2021,11,Werder Bremen,Jiří Pavlenka,CZE,28,90.0,Away,RB Leipzig,Defeat,6,2,5,83.3,2.2,3,11,27.3,36,7,27.8,29.2,6,16.7,23.7,4,1,25.0,1,18.3
194,2020-2021,11,Union Berlin,Andreas Luthe,GER,33,90.0,Home,Bayern Munich,Draw,5,1,4,80.0,2.1,7,17,41.2,18,3,61.1,45.4,9,66.7,43.1,11,0,0.0,0,10.5
195,2020-2021,11,Bayern Munich,Manuel Neuer,GER,34,90.0,Away,Union Berlin,Draw,5,1,4,80.0,1.8,10,14,71.4,37,6,24.3,30.3,7,71.4,45.9,8,0,0.0,2,15.9
196,2020-2021,11,Augsburg,Rafał Gikiewicz,POL,33,90.0,Home,Schalke 04,Draw,4,2,2,50.0,0.3,7,20,35.0,29,4,58.6,46.9,10,30.0,33.2,7,0,0.0,0,14.5
197,2020-2021,11,Schalke 04,Ralf Fährmann,GER,32,90.0,Away,Augsburg,Draw,4,2,3,50.0,0.7,3,10,30.0,31,11,16.1,26.1,7,71.4,50.9,8,0,0.0,1,13.9
198,2020-2021,11,Bayer Leverkusen,Lukáš Hrádecký,FIN,31,90.0,Home,Hoffenheim,Win,4,1,3,75.0,1.5,5,20,25.0,46,3,32.6,32.3,7,71.4,42.7,7,0,0.0,0,16.0
199,2020-2021,11,Hoffenheim,Oliver Baumann,GER,30,90.0,Away,Bayer Leverkusen,Defeat,7,4,4,57.1,2.8,7,14,50.0,31,5,38.7,35.5,7,28.6,26.3,4,0,0.0,1,15.7
200,2020-2021,12,Eintracht Frankfurt,Kevin Trapp,GER,30,90.0,Home,Mönchengladbach,Draw,3,3,1,33.3,2.1,7,27,25.9,30,2,70.0,48.0,6,100.0,63.8,8,0,0.0,0,16.9
201,2020-2021,12,Mönchengladbach,Yann Sommer,SUI,31,90.0,Away,Eintracht Frankfurt,Draw,2,3,0,0.0,2.2,14,24,58.3,47,6,46.8,35.9,6,33.3,33.8,6,1,16.7,0,11.8
202,2020-2021,12,Werder Bremen,Jiří Pavlenka,CZE,28,90.0,Home,Dortmund,Defeat,8,2,6,75.0,2.7,10,21,47.6,40,3,50.0,37.6,6,16.7,29.7,6,0,0.0,1,28.0
203,2020-2021,12,Dortmund,Roman Bürki,SUI,30,90.0,Away,Werder Bremen,Win,3,1,2,66.7,0.8,1,10,10.0,23,5,34.8,35.3,7,28.6,31.0,8,0,0.0,1,23.8
204,2020-2021,12,Stuttgart,Gregor Kobel,SUI,23,90.0,Home,Union Berlin,Draw,5,2,3,60.0,1.2,4,10,40.0,27,4,25.9,31.7,9,33.3,27.4,8,1,12.5,1,16.0
205,2020-2021,12,Union Berlin,Andreas Luthe,GER,33,90.0,Away,Stuttgart,Draw,5,2,3,60.0,1.7,9,21,42.9,32,6,50.0,42.5,7,71.4,50.3,7,0,0.0,2,16.2
206,2020-2021,12,Hertha BSC,Alexander Schwolow,GER,28,90.0,Home,Mainz 05,Draw,0,0,0,,0.0,5,8,62.5,24,2,29.2,31.3,5,20.0,24.6,7,0,0.0,2,18.8
207,2020-2021,12,Mainz 05,Robin Zentner,GER,26,90.0,Away,Hertha BSC,Draw,0,0,0,,0.0,2,13,15.4,21,3,42.9,37.6,11,36.4,33.8,11,0,0.0,0,13.3
208,2020-2021,12,Schalke 04,Ralf Fährmann,GER,32,90.0,Home,Freiburg,Defeat,3,2,1,33.3,1.1,4,10,40.0,29,5,31.0,30.2,5,20.0,27.0,9,2,22.2,0,15.3
209,2020-2021,12,Freiburg,Florian Müller,GER,23,90.0,Away,Schalke 04,Win,2,0,2,100.0,0.0,3,18,16.7,28,6,42.9,40.5,7,85.7,62.1,6,1,16.7,0,11.4
210,2020-2021,12,Hoffenheim,Oliver Baumann,GER,30,90.0,Home,RB Leipzig,Defeat,3,1,2,66.7,0.6,4,7,57.1,39,6,17.9,26.2,4,0.0,20.8,7,0,0.0,1,19.5
211,2020-2021,12,RB Leipzig,Péter Gulácsi,HUN,30,90.0,Away,Hoffenheim,Win,3,0,3,100.0,0.5,6,13,46.2,41,6,29.3,30.6,5,20.0,21.2,8,0,0.0,2,17.2
212,2020-2021,12,Köln,Timo Horn,GER,27,90.0,Home,Bayer Leverkusen,Defeat,7,4,3,42.9,2.3,6,10,60.0,22,1,45.5,36.7,4,0.0,27.0,8,0,0.0,0,14.5
213,2020-2021,12,Bayer Leverkusen,Lukáš Hrádecký,FIN,31,90.0,Away,Köln,Win,1,0,1,100.0,0.8,4,9,44.4,39,6,17.9,24.9,5,40.0,41.4,8,0,0.0,0,14.3
214,2020-2021,12,Bayern Munich,Manuel Neuer,GER,34,90.0,Home,Wolfsburg,Win,6,1,5,83.3,1.4,15,21,71.4,38,7,52.6,38.4,7,14.3,22.9,9,1,11.1,0,12.2
215,2020-2021,12,Wolfsburg,Koen Casteels,BEL,28,90.0,Away,Bayern Munich,Defeat,2,2,0,0.0,1.4,8,13,61.5,22,3,45.5,41.7,5,60.0,43.2,8,0,0.0,3,18.6
216,2020-2021,12,Arminia,Stefan Ortega,GER,28,90.0,Home,Augsburg,Defeat,2,1,1,50.0,0.9,14,41,34.1,56,4,67.9,49.1,8,37.5,34.4,8,1,12.5,1,14.2
217,2020-2021,12,Augsburg,Rafał Gikiewicz,POL,33,90.0,Away,Arminia,Win,2,0,2,100.0,0.1,8,20,40.0,28,7,46.4,35.4,9,77.8,57.6,14,0,0.0,0,11.1
218,2020-2021,13,Union Berlin,Andreas Luthe,GER,33,90.0,Home,Dortmund,Win,3,1,2,66.7,0.5,7,19,36.8,24,4,41.7,36.4,11,81.8,53.5,7,0,0.0,0,12.6
219,2020-2021,13,Dortmund,Roman Bürki,SUI,30,90.0,Away,Union Berlin,Defeat,5,2,3,60.0,1.9,3,9,33.3,31,7,16.1,25.8,6,66.7,44.2,3,0,0.0,1,13.3
220,2020-2021,13,Mönchengladbach,Yann Sommer,SUI,32,90.0,Home,Hoffenheim,Defeat,5,2,3,60.0,1.5,14,29,48.3,41,4,53.7,35.8,11,63.6,43.1,4,1,25.0,0,15.0
221,2020-2021,13,Hoffenheim,Oliver Baumann,GER,30,90.0,Away,Mönchengladbach,Win,4,1,4,100.0,1.1,6,8,75.0,28,6,25.0,28.1,9,11.1,16.2,3,0,0.0,0,13.5
222,2020-2021,13,Mainz 05,Robin Zentner,GER,26,90.0,Home,Werder Bremen,Defeat,7,1,6,85.7,2.1,6,12,50.0,32,13,28.1,33.1,6,50.0,44.5,8,0,0.0,1,13.5
223,2020-2021,13,Werder Bremen,Jiří Pavlenka,CZE,28,90.0,Away,Mainz 05,Win,1,0,1,100.0,0.0,5,9,55.6,29,3,24.1,28.4,9,22.2,30.9,12,1,8.3,0,15.0
224,2020-2021,13,Schalke 04,Ralf Fährmann,GER,32,90.0,Home,Arminia,Defeat,3,1,2,66.7,0.5,5,18,27.8,20,4,50.0,43.3,10,80.0,58.5,4,0,0.0,1,17.7
225,2020-2021,13,Arminia,Stefan Ortega,GER,28,90.0,Away,Schalke 04,Win,2,0,2,100.0,0.6,10,33,30.3,47,3,63.8,48.9,5,60.0,40.2,8,0,0.0,0,10.0
226,2020-2021,13,RB Leipzig,Péter Gulácsi,HUN,30,90.0,Home,Köln,Draw,1,0,1,100.0,0.0,7,9,77.8,30,3,26.7,27.9,2,50.0,37.5,2,0,0.0,3,27.8
227,2020-2021,13,Köln,Timo Horn,GER,27,90.0,Away,RB Leipzig,Draw,6,0,6,100.0,0.7,17,35,48.6,52,2,55.8,43.0,10,60.0,43.6,9,0,0.0,0,7.2
228,2020-2021,13,Augsburg,Rafał Gikiewicz,POL,33,90.0,Home,Eintracht Frankfurt,Defeat,6,2,5,66.7,0.9,6,21,28.6,31,8,45.2,37.2,9,77.8,48.4,11,1,9.1,0,18.7
229,2020-2021,13,Eintracht Frankfurt,Kevin Trapp,GER,30,90.0,Away,Augsburg,Win,4,0,4,100.0,1.0,10,22,45.5,33,8,45.5,38.7,13,53.8,43.6,11,2,18.2,1,15.5
230,2020-2021,13,Bayer Leverkusen,Lukáš Hrádecký,FIN,31,90.0,Home,Bayern Munich,Defeat,3,2,1,33.3,1.1,8,22,36.4,50,9,42.0,36.3,7,14.3,23.6,9,1,11.1,2,15.3
231,2020-2021,13,Bayern Munich,Manuel Neuer,GER,34,90.0,Away,Bayer Leverkusen,Win,3,1,2,66.7,0.2,10,22,45.5,62,9,33.9,31.0,8,12.5,27.0,10,0,0.0,4,18.1
232,2020-2021,13,Freiburg,Florian Müller,GER,23,90.0,Home,Hertha BSC,Win,3,1,2,66.7,1.2,8,33,24.2,33,3,75.8,57.2,8,100.0,74.4,8,0,0.0,0,12.4
233,2020-2021,13,Hertha BSC,Alexander Schwolow,GER,28,90.0,Away,Freiburg,Defeat,8,4,5,62.5,4.6,5,11,45.5,36,9,27.8,27.9,6,16.7,29.8,11,1,9.1,0,10.5
234,2020-2021,13,Wolfsburg,Koen Casteels,BEL,28,90.0,Home,Stuttgart,Win,2,0,2,100.0,0.1,12,22,54.5,41,12,43.9,38.3,5,80.0,62.4,7,1,14.3,2,13.9
235,2020-2021,13,Stuttgart,Gregor Kobel,SUI,23,90.0,Away,Wolfsburg,Defeat,5,1,4,80.0,2.2,3,7,42.9,33,6,21.2,27.2,11,0.0,16.1,9,0,0.0,0,13.9
236,2020-2021,14,Köln,Timo Horn,GER,27,90.0,Home,Augsburg,Defeat,5,1,4,80.0,1.3,11,19,57.9,34,4,52.9,42.1,3,33.3,40.3,7,1,14.3,1,18.8
237,2020-2021,14,Augsburg,Rafał Gikiewicz,POL,33,90.0,Away,Köln,Win,2,0,2,100.0,0.2,6,14,42.9,19,4,36.8,39.9,7,100.0,51.4,6,0,0.0,0,15.0
238,2020-2021,14,Arminia,Stefan Ortega,GER,28,90.0,Home,Mönchengladbach,Defeat,7,1,6,85.7,2.0,21,45,46.7,54,3,66.7,49.6,10,90.0,65.8,9,0,0.0,1,14.4
239,2020-2021,14,Mönchengladbach,Yann Sommer,SUI,32,90.0,Away,Arminia,Win,0,0,0,,0.0,6,11,54.5,26,2,30.8,31.3,10,30.0,35.8,7,0,0.0,0,9.0
240,2020-2021,14,Eintracht Frankfurt,Kevin Trapp,GER,30,90.0,Home,Bayer Leverkusen,Win,2,1,1,50.0,0.2,11,25,44.0,23,2,69.6,50.0,9,100.0,67.6,10,0,0.0,1,12.4
241,2020-2021,14,Bayer Leverkusen,Lukáš Hrádecký,FIN,31,90.0,Away,Eintracht Frankfurt,Defeat,4,2,3,50.0,1.1,6,16,37.5,42,5,38.1,35.9,6,0.0,16.2,11,1,9.1,1,15.5
242,2020-2021,14,Werder Bremen,Jiří Pavlenka,CZE,28,90.0,Home,Union Berlin,Defeat,2,2,0,0.0,1.6,5,8,62.5,22,6,18.2,26.1,8,50.0,38.4,5,2,40.0,0,13.4
243,2020-2021,14,Union Berlin,Andreas Luthe,GER,33,90.0,Away,Werder Bremen,Win,2,0,2,100.0,0.8,6,25,24.0,35,5,60.0,43.5,7,57.1,42.3,8,1,12.5,0,13.8
244,2020-2021,14,Hoffenheim,Oliver Baumann,GER,30,90.0,Home,Freiburg,Defeat,4,3,3,50.0,2.2,5,10,50.0,42,7,23.8,28.8,5,0.0,18.4,4,0,0.0,4,18.8
245,2020-2021,14,Freiburg,Florian Müller,GER,23,90.0,Away,Hoffenheim,Win,6,1,5,83.3,1.8,8,20,40.0,22,4,59.1,45.0,7,100.0,67.9,8,0,0.0,0,9.8
246,2020-2021,14,Hertha BSC,Alexander Schwolow,GER,28,90.0,Home,Schalke 04,Win,4,0,4,100.0,1.7,7,8,87.5,26,4,19.2,31.5,4,75.0,51.8,7,0,0.0,0,7.3
247,2020-2021,14,Schalke 04,Ralf Fährmann,GER,32,90.0,Away,Hertha BSC,Defeat,10,3,7,70.0,2.2,6,20,30.0,23,4,69.6,47.7,6,66.7,42.8,14,0,0.0,0,17.0
248,2020-2021,14,Stuttgart,Gregor Kobel,SUI,23,90.0,Home,RB Leipzig,Defeat,7,1,6,85.7,2.8,3,10,30.0,27,6,29.6,33.3,15,13.3,21.4,14,1,7.1,0,
249,2020-2021,14,RB Leipzig,Péter Gulácsi,HUN,30,90.0,Away,Stuttgart,Win,1,0,1,100.0,0.3,9,19,47.4,37,6,37.8,35.9,8,62.5,48.6,7,0,0.0,0,13.5
250,2020-2021,14,Dortmund,Roman Bürki,SUI,30,90.0,Home,Wolfsburg,Win,5,0,5,100.0,0.4,12,18,66.7,34,7,38.2,36.0,12,41.7,36.4,14,0,0.0,0,5.0
251,2020-2021,14,Wolfsburg,Koen Casteels,BEL,28,90.0,Away,Dortmund,Defeat,7,2,5,71.4,1.9,6,11,54.5,28,3,32.1,32.8,7,28.6,40.0,9,1,11.1,2,24.8
252,2020-2021,14,Bayern Munich,Manuel Neuer,GER,34,90.0,Home,Mainz 05,Win,6,2,4,66.7,0.8,12,15,80.0,43,6,32.6,32.0,3,33.3,38.7,2,0,0.0,3,20.3
253,2020-2021,14,Mainz 05,Finn Dahmen,GER,22,90.0,Away,Bayern Munich,Defeat,11,5,7,63.6,5.5,0,5,0.0,18,8,27.8,32.3,5,0.0,16.0,17,1,5.9,0,8.4
254,2020-2021,15,Mönchengladbach,Yann Sommer,SUI,32,90.0,Home,Bayern Munich,Win,2,2,1,50.0,0.8,6,10,60.0,26,1,30.8,32.4,9,22.2,25.1,14,0,0.0,0,8.7
255,2020-2021,15,Bayern Munich,Manuel Neuer,GER,34,90.0,Away,Mönchengladbach,Defeat,4,3,1,25.0,2.1,8,13,61.5,45,4,28.9,30.4,3,0.0,18.3,3,0,0.0,2,18.2
256,2020-2021,15,Schalke 04,Ralf Fährmann,GER,32,90.0,Home,Hoffenheim,Win,5,0,5,100.0,0.7,3,21,14.3,25,2,48.0,38.4,9,100.0,66.8,13,1,7.7,1,14.5
257,2020-2021,15,Hoffenheim,Oliver Baumann,GER,30,90.0,Away,Schalke 04,Defeat,5,4,1,20.0,1.5,2,3,66.7,22,6,13.6,22.2,3,0.0,27.3,4,0,0.0,0,15.6
258,2020-2021,15,Union Berlin,Andreas Luthe,GER,33,90.0,Home,Wolfsburg,Draw,4,2,3,75.0,2.9,3,10,30.0,23,2,34.8,33.8,8,25.0,27.9,8,2,25.0,0,10.3
259,2020-2021,15,Wolfsburg,Koen Casteels,BEL,28,90.0,Away,Union Berlin,Draw,6,2,4,66.7,2.0,5,22,22.7,29,7,41.4,37.7,11,90.9,65.2,14,2,14.3,1,12.0
260,2020-2021,15,Mainz 05,Robin Zentner,GER,26,90.0,Home,Eintracht Frankfurt,Defeat,5,2,5,100.0,1.7,3,9,33.3,20,5,40.0,39.6,3,33.3,31.7,14,0,0.0,1,15.7
261,2020-2021,15,Eintracht Frankfurt,Kevin Trapp,GER,30,90.0,Away,Mainz 05,Win,1,0,1,100.0,0.2,13,28,46.4,40,4,57.5,39.6,8,62.5,48.9,10,0,0.0,0,8.0
262,2020-2021,15,Bayer Leverkusen,Lukáš Hrádecký,FIN,31,90.0,Home,Werder Bremen,Draw,1,1,0,0.0,0.8,1,4,25.0,27,2,11.1,27.1,4,25.0,33.0,3,0,0.0,1,25.0
263,2020-2021,15,Werder Bremen,Jiří Pavlenka,CZE,28,90.0,Away,Bayer Leverkusen,Draw,3,1,2,66.7,1.2,14,25,56.0,20,2,80.0,52.9,12,75.0,47.4,18,0,0.0,2,17.4
264,2020-2021,15,Freiburg,Florian Müller,GER,23,90.0,Home,Köln,Win,2,0,2,100.0,0.1,12,23,52.2,38,5,47.4,39.8,5,100.0,70.0,10,1,10.0,1,15.3
265,2020-2021,15,Köln,Timo Horn,GER,27,90.0,Away,Freiburg,Defeat,6,5,1,16.7,4.1,13,29,44.8,43,1,53.5,39.5,6,100.0,72.3,7,0,0.0,2,23.0
266,2020-2021,15,RB Leipzig,Péter Gulácsi,HUN,30,90.0,Home,Dortmund,Defeat,6,3,2,50.0,2.2,1,5,20.0,28,7,17.9,29.1,8,0.0,16.1,4,0,0.0,2,19.3
267,2020-2021,15,Dortmund,Roman Bürki,SUI,30,90.0,Away,RB Leipzig,Win,4,1,3,75.0,1.2,12,18,66.7,27,4,40.7,34.6,11,63.6,46.0,8,1,12.5,0,14.0
268,2020-2021,15,Augsburg,Rafał Gikiewicz,POL,33,90.0,Home,Stuttgart,Defeat,9,4,6,66.7,2.5,4,14,28.6,33,9,36.4,35.4,7,28.6,30.7,10,0,0.0,0,9.2
269,2020-2021,15,Stuttgart,Gregor Kobel,SUI,23,90.0,Away,Augsburg,Win,3,1,1,66.7,1.0,0,6,0.0,27,5,22.2,25.5,9,0.0,14.6,5,1,20.0,0,15.0
270,2020-2021,15,Arminia,Stefan Ortega,GER,28,90.0,Home,Hertha BSC,Win,5,0,5,100.0,2.1,23,34,67.6,47,2,70.2,49.5,6,16.7,27.5,8,0,0.0,1,14.0
271,2020-2021,15,Hertha BSC,Alexander Schwolow,GER,28,90.0,Away,Arminia,Defeat,2,1,1,50.0,0.8,9,14,64.3,21,2,28.6,33.7,12,66.7,49.1,11,1,9.1,0,15.6
272,2020-2021,16,Union Berlin,Andreas Luthe,GER,33,90.0,Home,Bayer Leverkusen,Win,3,0,3,100.0,1.0,6,12,50.0,28,1,32.1,32.8,6,50.0,40.2,14,0,0.0,0,12.1
273,2020-2021,16,Bayer Leverkusen,Lukáš Hrádecký,FIN,31,90.0,Away,Union Berlin,Defeat,3,1,2,66.7,0.4,8,15,53.3,41,8,31.7,32.0,7,28.6,38.9,4,0,0.0,0,5.0
274,2020-2021,16,Dortmund,Roman Bürki,SUI,30,90.0,Home,Mainz 05,Draw,3,1,2,66.7,0.8,6,7,85.7,27,7,25.9,30.9,4,0.0,24.8,5,3,60.0,0,12.8
275,2020-2021,16,Mainz 05,Robin Zentner,GER,26,90.0,Away,Dortmund,Draw,8,1,7,87.5,2.0,10,24,41.7,27,4,59.3,48.3,14,57.1,47.0,12,1,8.3,1,14.3
276,2020-2021,16,Köln,Timo Horn,GER,27,90.0,Home,Hertha BSC,Draw,3,0,3,100.0,0.5,11,23,47.8,36,5,47.2,39.0,8,75.0,51.0,8,0,0.0,0,11.0
277,2020-2021,16,Hertha BSC,Alexander Schwolow,GER,28,90.0,Away,Köln,Draw,1,0,1,100.0,0.0,7,13,53.8,27,3,25.9,29.9,10,60.0,44.9,7,0,0.0,0,9.5
278,2020-2021,16,Wolfsburg,Koen Casteels,BEL,28,90.0,Home,RB Leipzig,Draw,8,2,6,75.0,2.8,8,11,72.7,26,4,26.9,29.3,6,66.7,50.0,5,0,0.0,2,24.0
279,2020-2021,16,RB Leipzig,Péter Gulácsi,HUN,30,90.0,Away,Wolfsburg,Draw,2,2,0,0.0,1.5,4,12,33.3,32,7,31.3,33.4,4,50.0,40.5,7,0,0.0,1,16.3
280,2020-2021,16,Hoffenheim,Oliver Baumann,GER,30,90.0,Home,Arminia,Draw,2,0,2,100.0,0.4,7,14,50.0,29,8,31.0,29.4,7,71.4,46.4,2,0,0.0,1,20.0
281,2020-2021,16,Arminia,Stefan Ortega,GER,28,90.0,Away,Hoffenheim,Draw,5,0,5,100.0,0.4,21,29,72.4,52,6,50.0,43.4,8,37.5,36.0,15,1,6.7,1,12.2
282,2020-2021,16,Werder Bremen,Jiří Pavlenka,CZE,28,90.0,Home,Augsburg,Win,1,0,1,100.0,0.4,4,16,25.0,31,4,29.0,29.8,10,70.0,51.6,7,0,0.0,0,14.8
283,2020-2021,16,Augsburg,Rafał Gikiewicz,POL,33,90.0,Away,Werder Bremen,Defeat,5,2,3,60.0,2.0,6,10,60.0,29,6,31.0,31.7,3,33.3,34.7,9,1,11.1,0,16.2
284,2020-2021,16,Stuttgart,Gregor Kobel,SUI,23,90.0,Home,Mönchengladbach,Draw,4,2,3,75.0,2.2,3,4,75.0,29,3,13.8,23.6,4,0.0,12.0,2,0,0.0,1,22.0
285,2020-2021,16,Mönchengladbach,Yann Sommer,SUI,32,90.0,Away,Stuttgart,Draw,5,2,4,80.0,2.2,8,22,36.4,37,9,51.4,40.2,5,60.0,41.8,15,0,0.0,1,10.6
286,2020-2021,16,Bayern Munich,Manuel Neuer,GER,34,90.0,Home,Freiburg,Win,3,1,2,66.7,0.6,10,16,62.5,33,4,42.4,34.4,4,50.0,37.8,11,0,0.0,0,7.7
287,2020-2021,16,Freiburg,Florian Müller,GER,23,90.0,Away,Bayern Munich,Defeat,9,2,7,77.8,3.5,8,20,40.0,31,4,41.9,38.2,10,70.0,48.1,9,0,0.0,0,9.0
288,2020-2021,16,Eintracht Frankfurt,Kevin Trapp,GER,30,90.0,Home,Schalke 04,Win,1,1,0,0.0,0.2,6,12,50.0,30,4,23.3,29.7,7,71.4,43.6,7,1,14.3,1,21.0
289,2020-2021,16,Schalke 04,Ralf Fährmann,GER,32,90.0,Away,Eintracht Frankfurt,Defeat,10,3,7,70.0,3.5,12,31,38.7,29,3,69.0,45.9,11,100.0,60.4,11,1,9.1,1,13.0
290,2020-2021,17,Mönchengladbach,Yann Sommer,SUI,32,90.0,Home,Werder Bremen,Win,2,0,2,100.0,0.7,3,9,33.3,22,0,31.8,32.5,5,40.0,36.2,8,0,0.0,3,15.2
291,2020-2021,17,Werder Bremen,Jiří Pavlenka,CZE,28,90.0,Away,Mönchengladbach,Defeat,6,1,5,83.3,0.6,3,13,23.1,30,5,36.7,34.4,4,50.0,48.0,9,0,0.0,2,23.3
292,2020-2021,17,Mainz 05,Robin Zentner,GER,26,90.0,Home,Wolfsburg,Defeat,2,2,0,0.0,1.8,4,15,26.7,21,5,52.4,44.1,8,50.0,42.1,7,1,14.3,0,13.0
293,2020-2021,17,Wolfsburg,Koen Casteels,BEL,28,90.0,Away,Mainz 05,Win,0,0,0,,0.0,14,24,58.3,37,4,51.4,40.6,7,71.4,46.3,4,0,0.0,3,18.6
294,2020-2021,17,Bayer Leverkusen,Lukáš Hrádecký,FIN,31,90.0,Home,Dortmund,Win,2,1,1,50.0,0.4,6,24,25.0,51,7,41.2,35.9,6,50.0,33.2,5,0,0.0,2,18.1
295,2020-2021,17,Dortmund,Roman Bürki,SUI,30,90.0,Away,Bayer Leverkusen,Defeat,13,2,11,84.6,1.7,5,15,33.3,47,11,27.7,32.1,5,40.0,45.8,6,0,0.0,0,11.4
296,2020-2021,17,Hertha BSC,Alexander Schwolow,GER,28,90.0,Home,Hoffenheim,Defeat,6,3,3,50.0,1.7,5,10,50.0,28,7,32.1,32.0,3,33.3,33.7,6,1,16.7,1,12.6
297,2020-2021,17,Hoffenheim,Oliver Baumann,GER,30,90.0,Away,Hertha BSC,Win,0,0,0,,0.8,4,18,22.2,32,3,46.9,41.5,8,37.5,28.5,11,0,0.0,1,15.2
298,2020-2021,17,Schalke 04,Ralf Fährmann,GER,32,90.0,Home,Köln,Defeat,3,2,1,33.3,1.5,6,14,42.9,40,2,25.0,32.2,6,66.7,50.2,6,1,16.7,2,24.8
299,2020-2021,17,Köln,Timo Horn,GER,27,90.0,Away,Schalke 04,Win,6,1,5,83.3,0.7,5,20,25.0,30,5,60.0,45.4,4,50.0,47.3,5,0,0.0,1,12.8
300,2020-2021,17,RB Leipzig,Péter Gulácsi,HUN,30,90.0,Home,Union Berlin,Win,1,0,1,100.0,0.2,4,7,57.1,29,6,20.7,30.5,4,25.0,35.8,4,0,0.0,1,17.7
301,2020-2021,17,Union Berlin,Andreas Luthe,GER,33,90.0,Away,RB Leipzig,Defeat,4,1,3,75.0,1.1,8,13,61.5,34,8,17.6,29.6,13,53.8,38.6,10,1,10.0,0,12.0
302,2020-2021,17,Freiburg,Florian Müller,GER,23,90.0,Home,Eintracht Frankfurt,Draw,3,2,2,33.3,0.6,4,31,12.9,33,4,63.6,48.2,10,100.0,71.3,11,0,0.0,3,18.4
303,2020-2021,17,Eintracht Frankfurt,Kevin Trapp,GER,30,90.0,Away,Freiburg,Draw,4,2,2,50.0,1.5,7,19,36.8,33,4,45.5,37.3,9,44.4,40.7,8,0,0.0,0,14.6
304,2020-2021,17,Arminia,Stefan Ortega,GER,28,90.0,Home,Stuttgart,Win,3,0,3,100.0,0.7,20,36,55.6,45,2,68.9,53.4,8,62.5,49.9,12,1,8.3,0,13.3
305,2020-2021,17,Stuttgart,Gregor Kobel,SUI,23,90.0,Away,Arminia,Defeat,4,3,2,25.0,2.1,2,6,33.3,31,6,19.4,26.3,8,0.0,16.6,2,1,50.0,0,10.0
306,2020-2021,17,Augsburg,Rafał Gikiewicz,POL,33,90.0,Home,Bayern Munich,Defeat,3,1,3,100.0,1.1,20,28,71.4,33,6,54.5,37.5,16,62.5,42.4,10,0,0.0,0,9.6
307,2020-2021,17,Bayern Munich,Manuel Neuer,GER,34,90.0,Away,Augsburg,Win,0,0,0,,0.0,6,9,66.7,19,5,36.8,30.2,10,20.0,25.0,4,1,25.0,2,16.4
308,2020-2021,18,Mönchengladbach,Yann Sommer,SUI,32,90.0,Home,Dortmund,Win,6,2,4,66.7,1.9,6,13,46.2,22,2,45.5,36.7,10,30.0,28.0,10,0,0.0,0,11.7
309,2020-2021,18,Dortmund,Roman Bürki,SUI,30,90.0,Away,Mönchengladbach,Defeat,7,4,3,42.9,2.3,3,7,42.9,34,4,14.7,25.3,3,66.7,52.3,0,0,,1,12.7
310,2020-2021,18,Arminia,Stefan Ortega,GER,28,90.0,Home,Eintracht Frankfurt,Defeat,8,5,4,37.5,2.6,11,26,42.3,52,1,44.2,40.0,4,75.0,55.8,8,0,0.0,0,14.3
311,2020-2021,18,Eintracht Frankfurt,Kevin Trapp,GER,30,90.0,Away,Arminia,Win,4,1,3,75.0,0.7,3,8,37.5,29,5,27.6,30.1,2,0.0,34.0,9,2,22.2,0,5.0
312,2020-2021,18,Bayer Leverkusen,Lukáš Hrádecký,FIN,31,90.0,Home,Wolfsburg,Defeat,4,1,3,75.0,0.9,5,9,55.6,40,7,20.0,27.0,7,14.3,33.4,5,1,20.0,0,15.3
313,2020-2021,18,Wolfsburg,Koen Casteels,BEL,28,90.0,Away,Bayer Leverkusen,Win,3,0,3,100.0,1.1,11,25,44.0,40,5,50.0,42.6,7,71.4,53.0,11,2,18.2,1,12.8
314,2020-2021,18,Augsburg,Rafał Gikiewicz,POL,33,90.0,Home,Union Berlin,Win,4,1,3,75.0,1.9,4,23,17.4,30,4,60.0,43.5,8,62.5,46.6,20,2,10.0,0,14.7
315,2020-2021,18,Union Berlin,Andreas Luthe,GER,33,90.0,Away,Augsburg,Defeat,4,2,2,50.0,1.5,7,13,53.8,31,4,25.8,31.0,10,50.0,41.6,3,0,0.0,0,13.3
316,2020-2021,18,Mainz 05,Robin Zentner,GER,26,90.0,Home,RB Leipzig,Win,5,2,2,60.0,2.3,5,21,23.8,26,6,61.5,50.3,7,71.4,56.7,8,0,0.0,0,12.6
317,2020-2021,18,RB Leipzig,Péter Gulácsi,HUN,30,90.0,Away,Mainz 05,Defeat,4,3,1,25.0,1.8,2,6,33.3,42,10,14.3,25.7,5,0.0,21.8,10,0,0.0,4,22.8
318,2020-2021,18,Freiburg,Florian Müller,GER,23,90.0,Home,Stuttgart,Win,8,1,7,87.5,2.3,9,34,26.5,32,3,65.6,54.8,14,92.9,71.9,14,1,7.1,1,14.4
319,2020-2021,18,Stuttgart,Gregor Kobel,SUI,23,90.0,Away,Freiburg,Defeat,5,2,3,60.0,1.7,6,13,46.2,35,8,25.7,29.4,8,50.0,42.1,9,0,0.0,0,13.3
320,2020-2021,18,Hertha BSC,Alexander Schwolow,GER,28,90.0,Home,Werder Bremen,Defeat,4,4,1,25.0,1.8,2,2,100.0,8,2,0.0,21.3,3,66.7,51.3,2,0,0.0,0,7.0
321,2020-2021,18,Werder Bremen,Jiří Pavlenka,CZE,28,90.0,Away,Hertha BSC,Win,9,1,8,88.9,1.9,12,23,52.2,25,7,60.0,50.3,8,100.0,63.8,23,2,8.7,0,14.7
322,2020-2021,18,Schalke 04,Ralf Fährmann,GER,32,90.0,Home,Bayern Munich,Defeat,12,4,8,66.7,3.1,4,18,22.2,24,3,41.7,38.8,18,44.4,37.2,14,1,7.1,0,13.0
323,2020-2021,18,Bayern Munich,Manuel Neuer,GER,34,90.0,Away,Schalke 04,Win,4,0,4,100.0,1.0,5,6,83.3,17,5,23.5,29.4,10,20.0,27.4,5,0,0.0,1,15.3
324,2020-2021,18,Hoffenheim,Oliver Baumann,GER,30,90.0,Home,Köln,Win,2,0,2,100.0,0.9,7,16,43.8,24,4,41.7,40.4,6,100.0,66.0,22,3,13.6,0,11.2
325,2020-2021,18,Köln,Timo Horn,GER,27,90.0,Away,Hoffenheim,Defeat,2,3,1,50.0,2.3,2,4,50.0,20,6,15.0,30.6,8,12.5,26.6,5,1,20.0,0,15.8
326,2020-2021,19,Stuttgart,Gregor Kobel,SUI,23,90.0,Home,Mainz 05,Win,2,0,2,100.0,0.1,6,13,46.2,28,7,32.1,31.3,11,36.4,34.7,11,2,18.2,0,8.2
327,2020-2021,19,Mainz 05,Robin Zentner,GER,26,90.0,Away,Stuttgart,Defeat,4,2,2,50.0,1.4,4,13,30.8,27,9,25.9,32.9,8,75.0,57.5,6,1,16.7,0,15.3
328,2020-2021,19,Dortmund,Marwin Hitz,SUI,33,90.0,Home,Augsburg,Win,1,1,0,0.0,0.7,4,5,80.0,27,2,11.1,22.1,5,40.0,39.6,4,1,25.0,1,19.3
329,2020-2021,19,Augsburg,Rafał Gikiewicz,POL,33,90.0,Away,Dortmund,Defeat,5,3,3,40.0,2.2,2,10,20.0,35,5,25.7,28.5,6,16.7,28.2,12,0,0.0,0,11.3
330,2020-2021,19,Union Berlin,Andreas Luthe,GER,33,68.0,Home,Mönchengladbach,Draw,3,1,2,66.7,0.6,10,19,52.6,25,1,56.0,41.6,7,71.4,47.0,7,2,28.6,0,14.0
331,2020-2021,19,Union Berlin,Loris Karius,GER,27,22.0,Home,Mönchengladbach,Draw,1,0,1,100.0,0.8,2,6,33.3,4,0,75.0,50.0,3,100.0,65.0,1,0,0.0,0,
332,2020-2021,19,Mönchengladbach,Yann Sommer,AUT,28,90.0,Away,Union Berlin,Draw,2,1,1,50.0,0.3,6,9,66.7,34,4,20.6,29.1,9,22.2,27.8,7,0,0.0,0,10.8
333,2020-2021,19,Eintracht Frankfurt,Kevin Trapp,GER,30,90.0,Home,Hertha BSC,Win,3,1,2,66.7,0.9,8,19,42.1,38,8,39.5,36.8,9,44.4,38.2,6,2,33.3,2,21.6
334,2020-2021,19,Hertha BSC,Rune Jarstein,NOR,36,90.0,Away,Eintracht Frankfurt,Defeat,6,3,4,66.7,2.3,9,26,34.6,29,2,65.5,47.1,8,87.5,57.1,9,1,11.1,1,13.9
335,2020-2021,19,Bayern Munich,Manuel Neuer,GER,34,90.0,Home,Hoffenheim,Win,5,1,4,80.0,1.9,8,11,72.7,31,4,35.5,33.9,5,0.0,25.2,8,0,0.0,0,14.5
336,2020-2021,19,Hoffenheim,Oliver Baumann,GER,30,90.0,Away,Bayern Munich,Defeat,9,4,5,55.6,3.8,6,16,37.5,30,8,43.3,38.2,5,60.0,42.8,14,0,0.0,0,8.3
337,2020-2021,19,Werder Bremen,Jiří Pavlenka,CZE,28,90.0,Home,Schalke 04,Draw,1,1,0,0.0,0.4,6,9,66.7,17,2,35.3,38.4,10,30.0,32.2,5,0,0.0,0,8.5
338,2020-2021,19,Schalke 04,Ralf Fährmann,GER,32,90.0,Away,Werder Bremen,Draw,5,1,4,80.0,0.2,7,21,33.3,43,8,32.6,35.3,10,70.0,59.4,13,2,15.4,0,16.8
339,2020-2021,19,RB Leipzig,Péter Gulácsi,HUN,30,90.0,Home,Bayer Leverkusen,Win,3,0,3,100.0,0.9,10,18,55.6,35,5,51.4,40.1,3,0.0,17.0,7,1,14.3,0,12.3
340,2020-2021,19,Bayer Leverkusen,Lukáš Hrádecký,FIN,31,90.0,Away,RB Leipzig,Defeat,2,1,1,50.0,0.7,9,23,39.1,58,10,39.7,34.6,7,0.0,21.0,6,1,16.7,1,15.8
341,2020-2021,19,Köln,Timo Horn,GER,27,90.0,Home,Arminia,Win,3,1,2,66.7,1.4,10,25,40.0,31,4,58.1,44.8,9,77.8,53.0,10,2,20.0,0,9.8
342,2020-2021,19,Arminia,Stefan Ortega,GER,28,90.0,Away,Köln,Defeat,5,3,2,40.0,1.8,20,39,51.3,58,3,55.2,44.3,11,63.6,53.7,11,1,9.1,1,17.5
343,2020-2021,19,Wolfsburg,Koen Casteels,BEL,28,90.0,Home,Freiburg,Win,2,0,2,100.0,0.3,12,18,66.7,30,5,36.7,34.2,7,100.0,62.9,11,0,0.0,0,12.2
344,2020-2021,19,Freiburg,Florian Müller,GER,23,90.0,Away,Wolfsburg,Defeat,5,3,2,40.0,2.9,7,19,36.8,34,4,47.1,38.0,6,50.0,41.2,12,1,8.3,0,15.8
345,2020-2021,20,Hertha BSC,Rune Jarstein,NOR,36,90.0,Home,Bayern Munich,Defeat,5,1,4,80.0,1.5,4,16,25.0,24,4,45.8,39.5,8,62.5,41.8,13,0,0.0,1,12.0
346,2020-2021,20,Bayern Munich,Manuel Neuer,GER,34,90.0,Away,Hertha BSC,Win,7,0,7,100.0,1.3,6,8,75.0,30,6,26.7,30.4,6,0.0,17.5,4,0,0.0,2,32.0
347,2020-2021,20,Bayer Leverkusen,Lukáš Hrádecký,FIN,31,90.0,Home,Stuttgart,Win,7,2,5,71.4,2.4,16,27,59.3,49,5,49.0,39.7,3,100.0,66.3,2,0,0.0,2,22.3
348,2020-2021,20,Stuttgart,Gregor Kobel,SUI,23,90.0,Away,Bayer Leverkusen,Defeat,13,5,7,61.5,3.5,8,14,57.1,28,4,42.9,35.0,7,28.6,31.4,7,1,14.3,1,16.2
349,2020-2021,20,Schalke 04,Ralf Fährmann,GER,32,90.0,Home,RB Leipzig,Defeat,10,3,7,70.0,3.0,6,13,46.2,31,4,35.5,34.4,10,20.0,28.6,8,0,0.0,1,14.8
350,2020-2021,20,RB Leipzig,Péter Gulácsi,HUN,30,90.0,Away,Schalke 04,Win,1,0,1,100.0,0.0,1,2,50.0,30,10,6.7,24.8,2,0.0,17.0,1,0,0.0,0,12.1
351,2020-2021,20,Freiburg,Florian Müller,GER,23,90.0,Home,Dortmund,Win,5,1,4,80.0,1.8,1,18,5.6,34,8,38.2,40.4,10,50.0,46.0,8,2,25.0,1,13.1
352,2020-2021,20,Dortmund,Marwin Hitz,SUI,33,90.0,Away,Freiburg,Defeat,3,2,1,33.3,0.3,5,8,62.5,41,5,17.1,26.3,8,12.5,26.3,4,0,0.0,0,12.0
353,2020-2021,20,Augsburg,Rafał Gikiewicz,POL,33,90.0,Home,Wolfsburg,Defeat,6,2,4,66.7,1.7,6,15,40.0,42,9,33.3,32.4,5,20.0,39.2,11,0,0.0,1,14.8
354,2020-2021,20,Wolfsburg,Koen Casteels,BEL,28,90.0,Away,Augsburg,Win,1,0,1,100.0,0.1,4,11,36.4,41,8,26.8,30.0,5,0.0,15.8,5,0,0.0,0,14.4
355,2020-2021,20,Mainz 05,Robin Zentner,GER,26,90.0,Home,Union Berlin,Win,4,0,4,100.0,1.3,6,22,27.3,32,5,50.0,44.0,7,85.7,63.6,7,1,14.3,1,14.7
356,2020-2021,20,Union Berlin,Andreas Luthe,GER,33,90.0,Away,Mainz 05,Defeat,4,1,4,100.0,1.2,8,24,33.3,39,4,46.2,40.1,7,85.7,53.4,5,0,0.0,1,13.9
357,2020-2021,20,Mönchengladbach,Yann Sommer,SUI,32,90.0,Home,Köln,Defeat,3,2,1,33.3,1.2,4,4,100.0,24,3,16.7,26.4,3,0.0,14.0,5,0,0.0,3,22.6
358,2020-2021,20,Köln,Timo Horn,GER,27,90.0,Away,Mönchengladbach,Win,2,1,1,50.0,0.7,10,26,38.5,44,2,59.1,44.7,4,0.0,14.5,17,1,5.9,0,12.2
359,2020-2021,20,Hoffenheim,Oliver Baumann,GER,30,90.0,Home,Eintracht Frankfurt,Defeat,5,3,2,40.0,1.9,8,13,61.5,28,3,35.7,33.4,8,37.5,31.0,10,0,0.0,0,11.0
360,2020-2021,20,Eintracht Frankfurt,Kevin Trapp,GER,30,90.0,Away,Hoffenheim,Win,1,1,0,0.0,0.9,6,17,35.3,29,3,48.3,39.1,9,33.3,34.2,3,0,0.0,0,6.3
361,2020-2021,21,RB Leipzig,Péter Gulácsi,HUN,30,90.0,Home,Augsburg,Win,1,1,1,100.0,1.6,4,11,36.4,37,4,27.0,31.5,2,50.0,51.5,6,1,16.7,0,10.3
362,2020-2021,21,Augsburg,Rafał Gikiewicz,POL,33,90.0,Away,RB Leipzig,Defeat,5,2,4,80.0,2.7,6,17,35.3,44,6,34.1,35.6,9,22.2,30.8,6,1,16.7,1,12.2
363,2020-2021,21,Dortmund,Marwin Hitz,SUI,33,90.0,Home,Hoffenheim,Draw,6,2,4,66.7,2.7,12,16,75.0,27,5,48.1,37.8,8,37.5,33.3,7,0,0.0,1,11.8
364,2020-2021,21,Hoffenheim,Oliver Baumann,GER,30,90.0,Away,Dortmund,Draw,3,2,1,33.3,1.6,16,28,57.1,41,6,63.4,45.9,2,100.0,62.0,11,1,9.1,0,10.1
365,2020-2021,21,Stuttgart,Gregor Kobel,SUI,23,90.0,Home,Hertha BSC,Draw,1,1,0,0.0,0.7,2,13,15.4,24,4,54.2,40.7,8,0.0,18.9,6,0,0.0,0,9.0
366,2020-2021,21,Hertha BSC,Rune Jarstein,NOR,36,90.0,Away,Stuttgart,Draw,3,1,2,66.7,1.2,4,11,36.4,30,2,23.3,31.1,6,66.7,50.3,8,1,12.5,1,18.3
367,2020-2021,21,Bayer Leverkusen,Lukáš Hrádecký,FIN,31,45.0,Home,Mainz 05,Draw,0,0,0,,0.0,2,6,33.3,23,6,21.7,31.4,4,25.0,30.8,2,0,0.0,0,10.6
368,2020-2021,21,Bayer Leverkusen,Niklas Lomb,GER,27,45.0,Home,Mainz 05,Draw,5,2,3,60.0,1.7,1,10,10.0,22,3,36.4,36.9,2,100.0,63.5,11,1,9.1,0,10.0
369,2020-2021,21,Mainz 05,Robin Zentner,NED,24,90.0,Away,Bayer Leverkusen,Draw,4,2,2,50.0,0.7,5,17,29.4,21,6,47.6,38.0,9,77.8,60.9,3,1,33.3,0,14.2
370,2020-2021,21,Werder Bremen,Jiří Pavlenka,CZE,28,90.0,Home,Freiburg,Draw,2,0,2,100.0,0.9,7,12,58.3,38,7,26.3,29.9,7,28.6,33.4,12,1,8.3,1,18.9
371,2020-2021,21,Freiburg,Florian Müller,GER,23,90.0,Away,Werder Bremen,Draw,4,0,4,100.0,0.3,4,8,50.0,28,8,21.4,32.6,7,28.6,35.4,7,0,0.0,1,17.3
372,2020-2021,21,Union Berlin,Loris Karius,GER,27,90.0,Home,Schalke 04,Draw,1,0,1,100.0,0.3,3,16,18.8,19,4,63.2,48.5,4,100.0,67.8,5,1,20.0,0,9.0
373,2020-2021,21,Schalke 04,Ralf Fährmann,GER,32,90.0,Away,Union Berlin,Draw,3,0,3,100.0,1.2,3,16,18.8,27,6,22.2,28.2,11,90.9,57.0,9,0,0.0,0,9.2
374,2020-2021,21,Eintracht Frankfurt,Kevin Trapp,GER,30,90.0,Home,Köln,Win,1,0,1,100.0,0.0,4,14,28.6,34,3,35.3,35.3,5,40.0,37.4,4,0,0.0,1,16.6
375,2020-2021,21,Köln,Timo Horn,GER,27,90.0,Away,Eintracht Frankfurt,Defeat,7,2,5,71.4,2.9,12,20,60.0,39,7,46.2,37.8,6,33.3,35.2,11,0,0.0,0,11.6
376,2020-2021,21,Wolfsburg,Koen Casteels,BEL,28,90.0,Home,Mönchengladbach,Draw,3,0,3,100.0,0.2,9,16,56.3,44,4,31.8,33.3,7,28.6,33.1,5,1,20.0,1,14.3
377,2020-2021,21,Mönchengladbach,Yann Sommer,SUI,32,90.0,Away,Wolfsburg,Draw,6,0,6,100.0,1.0,5,14,35.7,43,3,27.9,31.6,9,22.2,34.3,15,0,0.0,2,14.9
378,2020-2021,21,Bayern Munich,Manuel Neuer,GER,34,90.0,Home,Arminia,Draw,3,3,0,0.0,2.1,4,5,80.0,29,3,17.2,25.0,3,0.0,16.3,1,0,0.0,1,15.0
379,2020-2021,21,Arminia,Stefan Ortega,GER,28,90.0,Away,Bayern Munich,Draw,12,3,9,75.0,2.6,10,26,38.5,53,10,41.5,42.6,5,80.0,58.8,15,1,6.7,1,12.5
380,2020-2021,22,Arminia,Stefan Ortega,GER,28,90.0,Home,Wolfsburg,Defeat,6,3,3,50.0,1.6,8,20,40.0,65,4,30.8,35.0,3,0.0,26.3,7,1,14.3,1,15.7
381,2020-2021,22,Wolfsburg,Koen Casteels,BEL,28,90.0,Away,Arminia,Win,2,0,2,100.0,0.0,8,13,61.5,37,4,29.7,32.2,6,33.3,40.2,3,0,0.0,0,15.3
382,2020-2021,22,Mönchengladbach,Yann Sommer,SUI,32,90.0,Home,Mainz 05,Defeat,6,2,4,66.7,0.9,5,6,83.3,46,8,10.9,23.3,6,16.7,26.2,5,0,0.0,1,14.6
383,2020-2021,22,Mainz 05,Robin Zentner,GER,26,90.0,Away,Mönchengladbach,Win,4,1,3,75.0,0.9,7,25,28.0,34,9,58.8,49.0,7,71.4,52.9,11,2,18.2,0,10.2
384,2020-2021,22,Köln,Timo Horn,GER,27,90.0,Home,Stuttgart,Defeat,3,1,2,66.7,0.5,3,10,30.0,47,4,19.1,31.1,5,20.0,26.6,3,0,0.0,0,10.4
385,2020-2021,22,Stuttgart,Gregor Kobel,SUI,23,90.0,Away,Köln,Win,0,0,0,,0.0,4,16,25.0,27,8,29.6,29.0,12,66.7,51.1,5,3,60.0,1,17.3
386,2020-2021,22,Freiburg,Florian Müller,GER,23,90.0,Home,Union Berlin,Defeat,4,1,3,75.0,1.5,3,15,20.0,42,8,19.0,24.7,9,77.8,63.8,6,0,0.0,2,14.6
387,2020-2021,22,Union Berlin,Loris Karius,GER,27,90.0,Away,Freiburg,Win,1,0,1,100.0,0.0,7,16,43.8,23,2,47.8,43.0,8,62.5,57.3,15,1,6.7,0,9.5
388,2020-2021,22,Eintracht Frankfurt,Kevin Trapp,GER,30,90.0,Home,Bayern Munich,Win,6,1,5,83.3,1.7,15,35,42.9,32,5,71.9,51.8,18,66.7,55.1,15,1,6.7,1,15.4
389,2020-2021,22,Bayern Munich,Manuel Neuer,GER,34,90.0,Away,Eintracht Frankfurt,Defeat,4,2,2,50.0,1.5,6,13,46.2,39,8,30.8,31.5,7,14.3,27.3,8,0,0.0,1,12.3
390,2020-2021,22,Schalke 04,Ralf Fährmann,GER,32,31.0,Home,Dortmund,Defeat,1,0,1,100.0,0.2,2,6,33.3,13,3,46.2,43.0,1,0.0,13.0,1,0,0.0,0,7.2
391,2020-2021,22,Schalke 04,Michael Langer,AUT,36,59.0,Home,Dortmund,Defeat,5,4,1,20.0,2.7,2,8,25.0,12,1,41.7,38.3,3,100.0,65.3,3,0,0.0,0,9.0
392,2020-2021,22,Dortmund,Marwin Hitz,BEL,29,8.0,Away,Schalke 04,Win,2,0,1,100.0,0.4,2,7,28.6,19,2,15.8,27.7,10,40.0,35.6,3,0,0.0,1,20.5
393,2020-2021,22,Augsburg,Rafał Gikiewicz,POL,33,90.0,Home,Bayer Leverkusen,Draw,3,1,2,66.7,0.9,15,29,51.7,28,5,75.0,52.4,9,88.9,57.9,21,1,4.8,0,9.6
394,2020-2021,22,Bayer Leverkusen,Niklas Lomb,GER,27,90.0,Away,Augsburg,Draw,3,1,2,66.7,1.4,4,7,57.1,31,10,19.4,25.9,5,20.0,27.6,1,0,0.0,1,15.3
395,2020-2021,22,Hertha BSC,Rune Jarstein,NOR,36,90.0,Home,RB Leipzig,Defeat,6,3,3,50.0,2.0,8,32,25.0,44,3,54.5,42.1,9,88.9,63.1,2,0,0.0,1,13.6
396,2020-2021,22,RB Leipzig,Péter Gulácsi,HUN,30,90.0,Away,Hertha BSC,Win,4,0,4,100.0,1.1,5,6,83.3,27,7,18.5,30.9,7,14.3,20.0,4,0,0.0,3,23.0
397,2020-2021,22,Hoffenheim,Oliver Baumann,GER,30,90.0,Home,Werder Bremen,Win,1,0,1,100.0,0.3,6,17,35.3,36,4,36.1,37.6,5,80.0,52.4,7,0,0.0,1,14.3
398,2020-2021,22,Werder Bremen,Jiří Pavlenka,CZE,28,90.0,Away,Hoffenheim,Defeat,6,4,2,33.3,2.0,4,9,44.4,25,8,28.0,33.2,7,28.6,28.7,9,0,0.0,3,19.5
399,2020-2021,23,Werder Bremen,Jiří Pavlenka,CZE,28,90.0,Home,Eintracht Frankfurt,Win,4,1,3,75.0,1.0,9,19,47.4,24,2,58.3,42.4,10,50.0,40.5,18,0,0.0,1,9.0
400,2020-2021,23,Eintracht Frankfurt,Kevin Trapp,GER,30,90.0,Away,Werder Bremen,Defeat,5,2,3,60.0,1.8,4,10,40.0,26,6,38.5,34.0,3,0.0,24.7,2,1,50.0,0,14.8
401,2020-2021,23,Wolfsburg,Koen Casteels,BEL,28,90.0,Home,Hertha BSC,Win,2,0,2,100.0,0.7,2,13,15.4,29,4,34.5,35.9,3,100.0,74.3,13,0,0.0,0,12.4
402,2020-2021,23,Hertha BSC,Rune Jarstein,NOR,36,90.0,Away,Wolfsburg,Defeat,2,2,1,0.0,0.6,5,17,29.4,24,4,54.2,42.4,12,33.3,35.5,10,2,20.0,0,6.8
403,2020-2021,23,Bayern Munich,Manuel Neuer,GER,34,90.0,Home,Köln,Win,3,1,2,66.7,1.2,7,10,70.0,33,4,27.3,29.2,4,25.0,23.3,5,0,0.0,5,24.7
404,2020-2021,23,Köln,Timo Horn,GER,27,90.0,Away,Bayern Munich,Defeat,7,5,2,28.6,3.3,7,15,46.7,40,3,35.0,33.4,8,12.5,24.5,6,0,0.0,3,16.6
405,2020-2021,23,Dortmund,Marwin Hitz,SUI,33,90.0,Home,Arminia,Win,2,0,2,100.0,0.1,3,6,50.0,31,3,12.9,27.9,5,40.0,38.2,1,0,0.0,0,12.5
406,2020-2021,23,Arminia,Stefan Ortega,GER,28,90.0,Away,Dortmund,Defeat,8,3,6,75.0,2.1,17,25,68.0,55,2,38.2,37.6,8,50.0,38.4,7,0,0.0,2,22.9
407,2020-2021,23,Stuttgart,Gregor Kobel,SUI,23,90.0,Home,Schalke 04,Win,4,1,3,75.0,2.2,6,12,50.0,25,3,44.0,34.5,7,14.3,22.6,5,1,20.0,0,13.5
408,2020-2021,23,Schalke 04,Michael Langer,AUT,36,90.0,Away,Stuttgart,Defeat,10,5,5,50.0,2.9,1,13,7.7,25,5,40.0,36.9,8,37.5,34.6,11,0,0.0,3,20.7
409,2020-2021,23,RB Leipzig,Péter Gulácsi,HUN,30,90.0,Home,Mönchengladbach,Win,1,2,0,0.0,1.4,1,1,100.0,14,4,7.1,21.2,1,0.0,34.0,1,0,0.0,0,10.7
410,2020-2021,23,Mönchengladbach,Yann Sommer,SUI,32,90.0,Away,RB Leipzig,Defeat,9,3,5,66.7,2.9,10,33,30.3,46,5,58.7,38.6,11,54.5,44.5,17,0,0.0,1,12.6
411,2020-2021,23,Union Berlin,Loris Karius,GER,27,90.0,Home,Hoffenheim,Draw,2,1,2,50.0,0.6,9,18,50.0,29,3,55.2,41.8,5,40.0,41.0,9,0,0.0,0,13.0
412,2020-2021,23,Hoffenheim,Oliver Baumann,GER,30,90.0,Away,Union Berlin,Draw,0,1,0,,1.0,7,14,50.0,40,4,30.0,28.7,2,100.0,53.5,7,0,0.0,2,14.7
413,2020-2021,23,Mainz 05,Robin Zentner,GER,26,90.0,Home,Augsburg,Defeat,2,1,1,50.0,1.0,4,6,66.7,28,7,21.4,28.0,4,0.0,22.8,5,0,0.0,1,15.4
414,2020-2021,23,Augsburg,Rafał Gikiewicz,POL,33,90.0,Away,Mainz 05,Win,6,0,5,100.0,0.9,8,29,27.6,32,8,62.5,47.0,11,81.8,62.5,21,3,14.3,0,13.5
415,2020-2021,23,Bayer Leverkusen,Lennart Grill,GER,22,90.0,Home,Freiburg,Defeat,3,2,1,33.3,1.9,3,7,42.9,42,7,16.7,27.9,3,0.0,22.3,10,1,10.0,1,14.9
416,2020-2021,23,Freiburg,Florian Müller,GER,23,90.0,Away,Bayer Leverkusen,Win,5,1,4,80.0,0.3,5,25,20.0,30,4,26.7,34.1,18,94.4,68.2,11,0,0.0,0,10.2
417,2020-2021,24,Schalke 04,Frederik Rønnow,DEN,28,90.0,Home,Mainz 05,Draw,2,0,2,100.0,0.2,5,20,25.0,35,8,28.6,31.9,16,62.5,43.9,15,0,0.0,1,15.4
418,2020-2021,24,Mainz 05,Robin Zentner,GER,26,90.0,Away,Schalke 04,Draw,2,0,2,100.0,0.3,7,14,50.0,30,1,46.7,39.3,2,0.0,12.0,2,1,50.0,0,25.0
419,2020-2021,24,Hertha BSC,Rune Jarstein,NOR,36,90.0,Home,Augsburg,Win,4,1,3,75.0,0.7,7,9,77.8,22,5,40.9,38.2,6,0.0,25.0,10,1,10.0,0,12.8
420,2020-2021,24,Augsburg,Rafał Gikiewicz,POL,33,90.0,Away,Hertha BSC,Defeat,6,2,5,83.3,2.2,11,24,45.8,22,9,63.6,43.2,10,100.0,61.1,13,0,0.0,0,17.6
421,2020-2021,24,Freiburg,Florian Müller,GER,23,90.0,Home,RB Leipzig,Defeat,7,3,4,57.1,1.8,5,16,31.3,52,8,13.5,28.8,11,81.8,61.8,7,0,0.0,1,17.4
422,2020-2021,24,RB Leipzig,Péter Gulácsi,HUN,30,90.0,Away,Freiburg,Win,1,0,1,100.0,0.0,2,6,33.3,24,3,25.0,34.7,4,0.0,17.3,7,2,28.6,2,25.0
423,2020-2021,24,Mönchengladbach,Yann Sommer,SUI,32,90.0,Home,Bayer Leverkusen,Defeat,5,1,4,80.0,1.8,2,3,66.7,20,4,5.0,22.1,3,66.7,59.3,7,1,14.3,1,12.3
424,2020-2021,24,Bayer Leverkusen,Lennart Grill,GER,22,90.0,Away,Mönchengladbach,Win,3,0,3,100.0,0.3,5,14,35.7,47,8,25.5,31.7,9,22.2,27.8,5,1,20.0,0,10.7
425,2020-2021,24,Eintracht Frankfurt,Kevin Trapp,GER,30,90.0,Home,Stuttgart,Draw,1,1,0,0.0,0.2,5,17,29.4,31,4,51.6,38.8,8,12.5,23.5,9,2,22.2,0,10.3
426,2020-2021,24,Stuttgart,Gregor Kobel,SUI,23,90.0,Away,Eintracht Frankfurt,Draw,7,1,6,85.7,1.8,4,11,36.4,27,7,33.3,34.8,5,40.0,29.8,11,0,0.0,1,17.3
427,2020-2021,24,Hoffenheim,Oliver Baumann,GER,30,90.0,Home,Wolfsburg,Win,6,1,5,83.3,2.2,7,23,30.4,29,5,55.2,44.6,9,77.8,50.7,18,1,5.6,0,8.0
428,2020-2021,24,Wolfsburg,Koen Casteels,BEL,28,90.0,Away,Hoffenheim,Defeat,4,2,2,50.0,1.6,2,9,22.2,27,2,29.6,34.1,5,20.0,26.8,10,0,0.0,2,25.2
429,2020-2021,24,Bayern Munich,Manuel Neuer,GER,34,90.0,Home,Dortmund,Win,3,2,1,33.3,0.9,3,4,75.0,27,3,14.8,25.8,1,0.0,13.0,2,0,0.0,0,11.5
430,2020-2021,24,Dortmund,Marwin Hitz,SUI,33,90.0,Away,Bayern Munich,Defeat,8,4,5,62.5,3.8,9,18,50.0,20,5,50.0,39.3,16,50.0,39.6,14,0,0.0,0,10.3
431,2020-2021,24,Köln,Timo Horn,GER,27,90.0,Home,Werder Bremen,Draw,5,1,4,80.0,1.0,5,12,41.7,29,4,37.9,36.2,4,25.0,39.5,10,0,0.0,1,18.8
432,2020-2021,24,Werder Bremen,Jiří Pavlenka,CZE,28,90.0,Away,Köln,Draw,4,1,3,75.0,1.5,9,22,40.9,16,3,81.3,53.1,14,64.3,49.0,24,0,0.0,0,9.5
433,2020-2021,24,Arminia,Stefan Ortega,GER,28,90.0,Home,Union Berlin,Draw,3,0,3,100.0,0.9,14,28,50.0,54,6,42.6,40.2,6,83.3,62.2,10,1,10.0,1,12.9
434,2020-2021,24,Union Berlin,Andreas Luthe,GER,33,90.0,Away,Arminia,Draw,2,0,2,100.0,0.3,3,8,37.5,34,6,20.6,28.7,1,100.0,64.0,7,0,0.0,1,14.7
435,2020-2021,20,Arminia,Stefan Ortega,GER,28,90.0,Home,Werder Bremen,Defeat,2,2,0,0.0,1.6,13,25,52.0,60,5,41.7,39.6,4,0.0,21.5,6,1,16.7,1,19.0
436,2020-2021,20,Werder Bremen,Jiří Pavlenka,CZE,28,90.0,Away,Arminia,Win,8,0,8,100.0,1.4,7,18,38.9,16,4,62.5,44.4,16,50.0,42.9,10,0,0.0,1,15.3
437,2020-2021,25,Augsburg,Rafał Gikiewicz,POL,33,90.0,Home,Mönchengladbach,Win,7,1,6,85.7,1.3,8,27,29.6,46,8,41.3,38.5,16,50.0,46.3,13,1,7.7,1,16.0
438,2020-2021,25,Mönchengladbach,Yann Sommer,SUI,32,90.0,Away,Augsburg,Defeat,3,3,0,0.0,1.9,3,5,60.0,30,4,13.3,26.0,8,12.5,20.3,2,0,0.0,0,14.6
439,2020-2021,25,Werder Bremen,Jiří Pavlenka,CZE,28,90.0,Home,Bayern Munich,Defeat,5,3,2,40.0,1.8,11,21,52.4,33,7,51.5,39.3,12,33.3,34.1,17,0,0.0,0,9.6
440,2020-2021,25,Bayern Munich,Manuel Neuer,GER,34,90.0,Away,Werder Bremen,Win,4,1,3,75.0,0.9,5,6,83.3,21,5,28.6,30.8,3,0.0,30.0,4,0,0.0,0,8.0
441,2020-2021,25,Wolfsburg,Koen Casteels,BEL,28,90.0,Home,Schalke 04,Win,1,0,1,100.0,0.1,7,16,43.8,40,5,32.5,36.5,5,60.0,44.0,5,0,0.0,2,19.8
442,2020-2021,25,Schalke 04,Frederik Rønnow,DEN,28,90.0,Away,Wolfsburg,Defeat,7,5,3,28.6,1.9,6,17,35.3,38,10,39.5,31.8,7,28.6,32.6,5,1,20.0,1,13.4
443,2020-2021,25,Mainz 05,Robin Zentner,GER,26,90.0,Home,Freiburg,Win,2,0,2,100.0,0.2,5,14,35.7,34,7,38.2,39.1,5,20.0,30.0,9,3,33.3,0,13.5
444,2020-2021,25,Freiburg,Florian Müller,GER,23,90.0,Away,Mainz 05,Defeat,7,1,6,85.7,1.8,4,20,20.0,51,6,29.4,32.8,6,83.3,62.7,7,0,0.0,3,17.8
445,2020-2021,25,Union Berlin,Andreas Luthe,GER,34,90.0,Home,Köln,Win,4,1,4,100.0,1.2,9,22,40.9,27,4,70.4,49.6,3,100.0,62.3,10,3,30.0,0,13.0
446,2020-2021,25,Köln,Timo Horn,GER,27,90.0,Away,Union Berlin,Defeat,6,2,5,83.3,2.4,3,10,30.0,33,2,30.3,34.5,3,0.0,21.7,10,0,0.0,0,8.0
447,2020-2021,25,Dortmund,Marwin Hitz,SUI,33,90.0,Home,Hertha BSC,Win,0,0,0,,0.0,5,7,71.4,22,5,22.7,28.9,5,40.0,37.4,6,1,16.7,0,16.0
448,2020-2021,25,Hertha BSC,Rune Jarstein,NOR,36,90.0,Away,Dortmund,Defeat,4,2,2,50.0,1.4,6,13,46.2,21,5,38.1,36.0,11,45.5,39.1,7,1,14.3,0,11.7
449,2020-2021,25,Bayer Leverkusen,Lennart Grill,GER,22,90.0,Home,Arminia,Defeat,6,2,4,66.7,2.1,1,2,50.0,24,6,8.3,21.3,8,0.0,18.5,6,0,0.0,1,17.2
450,2020-2021,25,Arminia,Stefan Ortega,GER,28,90.0,Away,Bayer Leverkusen,Win,5,1,4,80.0,1.2,24,40,60.0,39,2,71.8,51.9,12,100.0,67.2,16,3,18.8,1,10.9
451,2020-2021,25,RB Leipzig,Péter Gulácsi,HUN,30,90.0,Home,Eintracht Frankfurt,Draw,2,1,1,50.0,1.8,2,8,25.0,29,3,24.1,33.1,6,16.7,24.7,7,0,0.0,1,26.7
452,2020-2021,25,Eintracht Frankfurt,Kevin Trapp,GER,30,90.0,Away,RB Leipzig,Draw,8,1,7,87.5,1.5,11,32,34.4,45,9,60.0,42.6,6,83.3,65.5,10,1,10.0,3,15.8
453,2020-2021,25,Stuttgart,Gregor Kobel,SUI,23,90.0,Home,Hoffenheim,Win,5,0,5,100.0,0.4,9,11,81.8,30,9,33.3,30.9,11,9.1,19.7,17,2,11.8,0,14.0
454,2020-2021,25,Hoffenheim,Oliver Baumann,GER,30,90.0,Away,Stuttgart,Defeat,4,2,3,50.0,0.8,10,21,47.6,49,10,36.7,31.8,6,50.0,36.5,7,2,28.6,3,18.2
455,2020-2021,26,Arminia,Stefan Ortega,GER,28,90.0,Home,RB Leipzig,Defeat,7,1,5,85.7,1.5,18,37,48.6,30,1,90.0,59.7,11,90.9,65.1,5,0,0.0,0,11.9
456,2020-2021,26,RB Leipzig,Péter Gulácsi,HUN,30,90.0,Away,Arminia,Win,0,0,0,,0.0,3,3,100.0,27,6,11.1,24.3,4,0.0,26.8,4,0,0.0,3,20.1
457,2020-2021,26,Eintracht Frankfurt,Kevin Trapp,GER,30,90.0,Home,Union Berlin,Win,6,2,4,66.7,2.2,7,22,31.8,32,6,43.8,38.4,10,80.0,63.8,17,1,5.9,0,17.2
458,2020-2021,26,Union Berlin,Andreas Luthe,GER,34,90.0,Away,Eintracht Frankfurt,Defeat,5,5,1,0.0,2.3,5,14,35.7,35,4,28.6,30.2,6,66.7,42.0,9,2,22.2,2,24.7
459,2020-2021,26,Bayern Munich,Manuel Neuer,GER,34,90.0,Home,Stuttgart,Win,5,0,5,100.0,0.7,9,27,33.3,45,8,55.6,42.3,6,33.3,36.3,14,1,7.1,1,20.2
460,2020-2021,26,Stuttgart,Gregor Kobel,SUI,23,90.0,Away,Bayern Munich,Defeat,7,4,3,42.9,2.8,1,2,50.0,20,7,10.0,22.0,7,0.0,15.7,6,0,0.0,2,17.0
461,2020-2021,26,Werder Bremen,Jiří Pavlenka,CZE,28,90.0,Home,Wolfsburg,Defeat,3,2,2,33.3,0.4,12,19,63.2,27,0,55.6,40.5,9,44.4,39.3,12,3,25.0,0,21.0
462,2020-2021,26,Wolfsburg,Koen Casteels,BEL,28,90.0,Away,Werder Bremen,Win,4,1,3,75.0,1.6,8,23,34.8,36,4,50.0,39.0,6,83.3,57.8,6,0,0.0,0,11.7
463,2020-2021,26,Köln,Timo Horn,GER,27,90.0,Home,Dortmund,Draw,4,2,2,50.0,1.3,8,19,42.1,27,4,51.9,39.5,8,62.5,48.9,10,1,10.0,0,10.4
464,2020-2021,26,Dortmund,Marwin Hitz,SUI,33,90.0,Away,Köln,Draw,1,2,0,0.0,1.4,3,5,60.0,25,4,16.0,28.1,5,20.0,24.6,8,1,12.5,1,14.2
465,2020-2021,26,Schalke 04,Frederik Rønnow,DEN,28,90.0,Home,Mönchengladbach,Defeat,7,3,5,57.1,2.7,6,20,30.0,16,2,56.3,41.1,13,84.6,53.7,8,0,0.0,2,19.4
466,2020-2021,26,Mönchengladbach,Yann Sommer,SUI,32,90.0,Away,Schalke 04,Win,1,0,1,100.0,0.0,9,11,81.8,37,4,29.7,31.2,3,0.0,16.3,5,2,40.0,1,25.0
467,2020-2021,26,Hoffenheim,Oliver Baumann,GER,30,90.0,Home,Mainz 05,Defeat,7,2,5,71.4,2.4,4,15,26.7,47,7,27.7,33.0,6,33.3,36.8,9,0,0.0,1,12.3
468,2020-2021,26,Mainz 05,Robin Zentner,GER,26,90.0,Away,Hoffenheim,Win,2,1,1,50.0,0.8,3,21,14.3,26,7,61.5,47.7,8,62.5,52.8,10,3,30.0,0,11.2
469,2020-2021,26,Hertha BSC,Rune Jarstein,NOR,36,90.0,Home,Bayer Leverkusen,Win,1,0,1,100.0,0.5,17,29,58.6,16,0,100.0,65.0,14,92.9,62.5,14,1,7.1,0,5.5
470,2020-2021,26,Bayer Leverkusen,Lennart Grill,GER,22,90.0,Away,Hertha BSC,Defeat,8,3,5,62.5,2.0,1,2,50.0,23,5,8.7,23.5,5,0.0,18.0,2,1,50.0,2,17.9
471,2020-2021,26,Freiburg,Florian Müller,GER,23,90.0,Home,Augsburg,Win,7,0,7,100.0,1.9,14,28,50.0,42,4,42.9,39.6,11,90.9,69.4,9,1,11.1,1,26.3
472,2020-2021,26,Augsburg,Rafał Gikiewicz,POL,33,90.0,Away,Freiburg,Defeat,5,2,3,60.0,1.9,8,17,47.1,24,3,54.2,44.6,8,50.0,39.1,12,1,8.3,2,21.4
473,2020-2021,27,Wolfsburg,Koen Casteels,BEL,28,90.0,Home,Köln,Win,1,0,1,100.0,0.0,8,15,53.3,30,3,23.3,30.6,10,80.0,57.4,11,0,0.0,1,19.5
474,2020-2021,27,Köln,Timo Horn,GER,27,90.0,Away,Wolfsburg,Defeat,5,1,4,80.0,0.9,5,15,33.3,32,5,40.6,38.6,8,25.0,26.1,14,0,0.0,0,10.2
475,2020-2021,27,Mainz 05,Robin Zentner,GER,26,90.0,Home,Arminia,Draw,2,1,1,50.0,0.5,5,10,50.0,20,8,45.0,39.8,9,11.1,23.2,7,0,0.0,1,18.7
476,2020-2021,27,Arminia,Stefan Ortega,GER,28,90.0,Away,Mainz 05,Draw,3,1,3,100.0,1.2,16,41,39.0,58,2,62.1,52.3,8,62.5,53.3,8,2,25.0,3,19.2
477,2020-2021,27,Augsburg,Rafał Gikiewicz,POL,33,90.0,Home,Hoffenheim,Win,5,1,4,80.0,1.6,12,27,44.4,36,7,52.8,42.4,14,57.1,48.5,16,0,0.0,0,9.8
478,2020-2021,27,Hoffenheim,Oliver Baumann,GER,30,90.0,Away,Augsburg,Defeat,2,2,0,0.0,1.4,3,7,42.9,37,6,16.2,23.6,5,20.0,25.2,3,0,0.0,2,19.0
479,2020-2021,27,Bayer Leverkusen,Lukáš Hrádecký,FIN,31,90.0,Home,Schalke 04,Win,2,1,1,50.0,0.4,9,20,45.0,48,7,37.5,37.3,5,40.0,37.2,10,1,10.0,2,15.3
480,2020-2021,27,Schalke 04,Frederik Rønnow,DEN,28,90.0,Away,Bayer Leverkusen,Defeat,3,2,1,33.3,1.2,3,10,30.0,21,3,38.1,34.1,6,33.3,32.0,7,1,14.3,0,10.4
481,2020-2021,27,Dortmund,Marwin Hitz,SUI,33,90.0,Home,Eintracht Frankfurt,Defeat,3,2,2,33.3,1.5,7,15,46.7,31,4,32.3,35.3,10,50.0,45.3,8,0,0.0,0,12.7
482,2020-2021,27,Eintracht Frankfurt,Kevin Trapp,GER,30,90.0,Away,Dortmund,Win,5,1,4,80.0,1.2,7,23,30.4,30,6,56.7,40.5,13,46.2,39.1,10,0,0.0,1,15.5
483,2020-2021,27,RB Leipzig,Péter Gulácsi,HUN,30,90.0,Home,Bayern Munich,Defeat,5,1,4,80.0,0.7,4,8,50.0,32,4,25.0,31.9,8,0.0,19.9,2,0,0.0,3,21.2
484,2020-2021,27,Bayern Munich,Manuel Neuer,GER,35,90.0,Away,RB Leipzig,Win,2,0,2,100.0,0.1,12,22,54.5,47,4,38.3,38.4,11,36.4,36.5,11,1,9.1,0,9.7
485,2020-2021,27,Mönchengladbach,Yann Sommer,SUI,32,90.0,Home,Freiburg,Win,4,1,3,75.0,1.9,7,18,38.9,33,3,45.5,35.6,6,50.0,42.3,12,1,8.3,0,11.3
486,2020-2021,27,Freiburg,Florian Müller,GER,23,90.0,Away,Mönchengladbach,Defeat,6,2,4,66.7,1.7,5,13,38.5,46,11,21.7,30.9,7,42.9,40.7,7,0,0.0,1,15.4
487,2020-2021,27,Stuttgart,Gregor Kobel,SUI,23,90.0,Home,Werder Bremen,Win,2,0,2,100.0,0.0,3,7,42.9,30,9,16.7,26.3,10,20.0,27.8,7,1,14.3,1,12.9
488,2020-2021,27,Werder Bremen,Jiří Pavlenka,CZE,28,90.0,Away,Stuttgart,Defeat,3,1,3,66.7,0.1,7,19,36.8,30,9,43.3,36.4,10,60.0,41.7,10,1,10.0,2,14.8
489,2020-2021,27,Union Berlin,Andreas Luthe,GER,34,90.0,Home,Hertha BSC,Draw,0,1,0,,1.0,3,8,37.5,23,2,26.1,31.1,4,50.0,38.3,3,0,0.0,0,17.7
490,2020-2021,27,Hertha BSC,Alexander Schwolow,GER,28,90.0,Away,Union Berlin,Draw,3,1,2,66.7,0.6,8,18,44.4,31,9,35.5,35.6,8,87.5,63.9,13,0,0.0,0,12.3
491,2020-2021,28,Arminia,Stefan Ortega,GER,28,90.0,Home,Freiburg,Win,1,0,1,100.0,0.1,11,25,44.0,45,1,40.0,39.6,8,87.5,64.1,7,0,0.0,2,23.0
492,2020-2021,28,Freiburg,Florian Müller,GER,23,90.0,Away,Arminia,Defeat,3,1,3,66.7,0.2,8,21,38.1,49,7,38.8,36.1,10,20.0,30.1,11,1,9.1,0,10.5
493,2020-2021,28,Werder Bremen,Jiří Pavlenka,CZE,28,90.0,Home,RB Leipzig,Defeat,4,4,0,0.0,1.9,6,12,50.0,27,3,40.7,38.4,5,20.0,27.2,3,0,0.0,1,18.2
494,2020-2021,28,RB Leipzig,Péter Gulácsi,HUN,30,90.0,Away,Werder Bremen,Win,1,1,1,100.0,0.5,5,8,62.5,38,6,15.8,26.4,11,18.2,27.0,7,1,14.3,1,17.2
495,2020-2021,28,Eintracht Frankfurt,Kevin Trapp,GER,30,90.0,Home,Wolfsburg,Win,7,3,5,57.1,1.3,13,25,52.0,25,1,72.0,48.0,12,58.3,42.6,10,0,0.0,0,12.0
496,2020-2021,28,Wolfsburg,Koen Casteels,BEL,28,90.0,Away,Eintracht Frankfurt,Defeat,5,4,1,20.0,2.9,5,18,27.8,37,10,40.5,40.4,4,75.0,64.3,10,2,20.0,2,15.2
497,2020-2021,28,Bayern Munich,Manuel Neuer,GER,35,90.0,Home,Union Berlin,Draw,2,1,1,50.0,1.1,4,8,50.0,28,5,28.6,31.2,5,0.0,13.4,10,0,0.0,1,22.3
498,2020-2021,28,Union Berlin,Andreas Luthe,GER,34,90.0,Away,Bayern Munich,Draw,2,1,1,50.0,1.0,10,20,50.0,42,3,35.7,34.1,13,38.5,34.0,5,0,0.0,0,11.0
499,2020-2021,28,Hertha BSC,Alexander Schwolow,GER,28,90.0,Home,Mönchengladbach,Draw,3,2,2,66.7,2.1,3,3,100.0,15,4,6.7,23.5,3,66.7,33.3,4,0,0.0,1,23.7
500,2020-2021,28,Mönchengladbach,Yann Sommer,SUI,32,12.0,Away,Hertha BSC,Draw,1,0,1,100.0,0.0,0,1,0.0,7,2,14.3,24.9,0,,,1,0,0.0,1,22.0
501,2020-2021,28,Mönchengladbach,Tobias Sippel,GER,33,74.0,Away,Hertha BSC,Draw,7,2,5,71.4,1.5,9,23,39.1,22,2,59.1,45.9,12,83.3,60.3,20,1,5.0,0,12.9
502,2020-2021,28,Stuttgart,Gregor Kobel,SUI,23,90.0,Home,Dortmund,Defeat,7,3,4,57.1,1.7,5,12,41.7,30,8,30.0,28.9,9,33.3,28.3,6,0,0.0,0,13.0
503,2020-2021,28,Dortmund,Marwin Hitz,SUI,33,90.0,Away,Stuttgart,Win,3,2,1,33.3,1.3,8,18,44.4,36,11,33.3,33.5,11,54.5,43.0,7,0,0.0,0,14.4
504,2020-2021,28,Schalke 04,Ralf Fährmann,GER,32,90.0,Home,Augsburg,Win,4,0,4,100.0,0.3,12,21,57.1,42,4,40.5,37.2,8,50.0,38.3,10,1,10.0,1,17.0
505,2020-2021,28,Augsburg,Rafał Gikiewicz,POL,33,90.0,Away,Schalke 04,Defeat,2,1,1,50.0,0.6,3,6,50.0,26,4,11.5,25.5,4,75.0,51.8,4,1,25.0,1,14.2
506,2020-2021,28,Köln,Timo Horn,GER,27,90.0,Home,Mainz 05,Defeat,5,3,2,40.0,2.2,9,14,64.3,40,5,32.5,36.7,4,25.0,25.5,5,0,0.0,4,25.8
507,2020-2021,28,Mainz 05,Robin Zentner,GER,26,90.0,Away,Köln,Win,3,2,1,66.7,1.8,8,21,38.1,25,5,52.0,47.4,10,80.0,61.8,17,0,0.0,0,14.7
508,2020-2021,28,Hoffenheim,Oliver Baumann,GER,30,90.0,Home,Bayer Leverkusen,Draw,3,0,3,100.0,0.7,5,12,41.7,60,7,20.0,27.7,2,0.0,8.5,3,1,33.3,0,13.9
509,2020-2021,28,Bayer Leverkusen,Lukáš Hrádecký,FIN,31,90.0,Away,Hoffenheim,Draw,0,0,0,,0.0,9,13,69.2,37,5,35.1,35.8,3,0.0,14.0,12,2,16.7,2,16.8
510,2020-2021,29,RB Leipzig,Péter Gulácsi,HUN,30,90.0,Home,Hoffenheim,Draw,0,0,0,,0.0,6,12,50.0,40,5,27.5,27.0,6,16.7,26.7,6,1,16.7,3,22.3
511,2020-2021,29,Hoffenheim,Oliver Baumann,GER,30,90.0,Away,RB Leipzig,Draw,2,0,2,100.0,0.2,12,20,60.0,42,5,42.9,39.9,11,18.2,23.5,11,1,9.1,2,16.0
512,2020-2021,29,Augsburg,Rafał Gikiewicz,POL,33,90.0,Home,Arminia,Draw,1,0,1,100.0,0.2,5,20,25.0,34,7,47.1,38.4,7,57.1,47.9,7,0,0.0,2,17.7
513,2020-2021,29,Arminia,Stefan Ortega,GER,28,90.0,Away,Augsburg,Draw,2,0,2,100.0,0.4,13,33,39.4,84,5,39.3,36.6,5,0.0,18.6,13,3,23.1,2,17.6
514,2020-2021,29,Wolfsburg,Koen Casteels,BEL,28,90.0,Home,Bayern Munich,Defeat,7,3,4,57.1,1.5,7,15,46.7,38,6,28.9,31.1,8,50.0,45.8,6,0,0.0,2,18.2
515,2020-2021,29,Bayern Munich,Manuel Neuer,GER,35,90.0,Away,Wolfsburg,Win,3,2,1,33.3,2.0,10,22,45.5,42,6,47.6,38.9,9,22.2,30.7,8,0,0.0,0,14.8
516,2020-2021,29,Union Berlin,Andreas Luthe,GER,34,90.0,Home,Stuttgart,Win,2,1,1,50.0,0.9,9,24,37.5,43,3,46.5,40.8,5,80.0,49.8,6,0,0.0,2,14.9
517,2020-2021,29,Stuttgart,Gregor Kobel,SUI,23,90.0,Away,Union Berlin,Defeat,4,2,2,50.0,1.2,5,9,55.6,27,6,25.9,27.6,5,40.0,35.0,7,1,14.3,0,10.3
518,2020-2021,29,Freiburg,Florian Müller,GER,23,90.0,Home,Schalke 04,Win,2,0,2,100.0,0.9,1,7,14.3,47,5,8.5,25.0,4,75.0,57.3,4,0,0.0,1,18.8
519,2020-2021,29,Schalke 04,Ralf Fährmann,GER,32,90.0,Away,Freiburg,Defeat,7,4,4,57.1,3.7,3,8,37.5,28,7,25.0,26.5,2,50.0,40.0,13,1,7.7,1,12.7
520,2020-2021,29,Mönchengladbach,Tobias Sippel,GER,33,90.0,Home,Eintracht Frankfurt,Win,4,0,3,100.0,1.1,9,29,31.0,29,4,58.6,49.4,14,85.7,68.9,13,1,7.7,1,15.2
521,2020-2021,29,Eintracht Frankfurt,Kevin Trapp,GER,30,90.0,Away,Mönchengladbach,Defeat,4,4,0,0.0,1.6,5,14,35.7,25,4,32.0,30.2,10,60.0,44.8,10,0,0.0,0,14.8
522,2020-2021,29,Bayer Leverkusen,Lukáš Hrádecký,FIN,31,90.0,Home,Köln,Win,2,0,2,100.0,0.7,9,18,50.0,34,5,41.2,36.8,11,36.4,32.3,15,1,6.7,1,15.0
523,2020-2021,29,Köln,Timo Horn,GER,27,90.0,Away,Bayer Leverkusen,Defeat,5,3,2,40.0,2.7,2,7,28.6,36,2,19.4,25.7,3,0.0,17.3,4,0,0.0,0,17.0
524,2020-2021,29,Dortmund,Marwin Hitz,SUI,33,90.0,Home,Werder Bremen,Win,3,1,2,66.7,0.8,2,3,66.7,19,4,15.8,27.7,3,0.0,18.0,3,0,0.0,0,15.5
525,2020-2021,29,Werder Bremen,Jiří Pavlenka,CZE,29,90.0,Away,Dortmund,Defeat,7,4,4,57.1,3.0,3,9,33.3,22,6,27.3,33.3,9,33.3,40.3,11,1,9.1,0,12.1
526,2020-2021,30,Köln,Timo Horn,GER,27,90.0,Home,RB Leipzig,Win,6,1,5,83.3,1.1,10,26,38.5,28,0,71.4,53.8,14,42.9,41.6,11,0,0.0,1,11.6
527,2020-2021,30,RB Leipzig,Péter Gulácsi,HUN,30,90.0,Away,Köln,Defeat,3,2,1,33.3,1.2,6,7,85.7,32,6,21.9,28.7,2,0.0,13.0,10,0,0.0,3,19.3
528,2020-2021,30,Bayern Munich,Manuel Neuer,GER,35,90.0,Home,Bayer Leverkusen,Win,4,0,4,100.0,0.5,7,8,87.5,29,7,27.6,29.9,5,0.0,20.6,7,0,0.0,1,15.7
529,2020-2021,30,Bayer Leverkusen,Lukáš Hrádecký,FIN,31,90.0,Away,Bayern Munich,Defeat,9,2,7,77.8,3.0,6,11,54.5,32,11,34.4,33.6,10,0.0,15.5,9,3,33.3,0,12.6
530,2020-2021,30,Eintracht Frankfurt,Kevin Trapp,GER,30,90.0,Home,Augsburg,Win,4,0,4,100.0,0.0,3,15,20.0,32,5,40.6,37.0,8,25.0,32.3,9,0,0.0,2,18.1
531,2020-2021,30,Augsburg,Rafał Gikiewicz,POL,33,90.0,Away,Eintracht Frankfurt,Defeat,4,2,2,50.0,2.1,8,20,40.0,29,8,51.7,40.2,10,50.0,36.1,15,2,13.3,0,13.9
532,2020-2021,30,Arminia,Stefan Ortega,GER,28,90.0,Home,Schalke 04,Win,0,0,0,,0.0,11,31,35.5,32,4,71.9,50.7,9,88.9,66.2,10,1,10.0,0,14.1
533,2020-2021,30,Schalke 04,Ralf Fährmann,GER,32,90.0,Away,Arminia,Defeat,4,1,3,75.0,1.7,10,20,50.0,33,7,45.5,37.6,7,71.4,48.0,5,0,0.0,1,16.2
534,2020-2021,30,Werder Bremen,Jiří Pavlenka,CZE,29,90.0,Home,Mainz 05,Defeat,5,1,4,80.0,1.1,8,15,53.3,23,4,52.2,39.9,7,42.9,38.9,5,0,0.0,0,12.8
535,2020-2021,30,Mainz 05,Robin Zentner,GER,26,90.0,Away,Werder Bremen,Win,3,0,3,100.0,0.3,12,20,60.0,17,4,64.7,51.8,11,81.8,65.0,14,1,7.1,1,13.1
536,2020-2021,30,Stuttgart,Gregor Kobel,SUI,23,90.0,Home,Wolfsburg,Defeat,4,3,1,25.0,1.9,4,9,44.4,26,3,30.8,27.9,10,10.0,15.7,5,1,20.0,0,4.5
537,2020-2021,30,Wolfsburg,Koen Casteels,BEL,28,90.0,Away,Stuttgart,Win,3,1,2,66.7,1.7,10,27,37.0,32,2,68.8,51.0,5,100.0,70.4,5,1,20.0,3,15.9
538,2020-2021,30,Dortmund,Marwin Hitz,SUI,33,90.0,Home,Union Berlin,Win,1,0,1,100.0,0.7,4,14,28.6,29,5,34.5,36.2,7,57.1,53.6,4,1,25.0,0,13.0
539,2020-2021,30,Union Berlin,Andreas Luthe,GER,34,90.0,Away,Dortmund,Defeat,8,2,7,75.0,2.8,8,11,72.7,29,3,24.1,32.4,12,33.3,30.8,6,1,16.7,0,10.8
540,2020-2021,30,Hoffenheim,Oliver Baumann,GER,30,90.0,Home,Mönchengladbach,Win,2,2,0,0.0,1.0,2,9,22.2,49,4,14.3,25.1,3,66.7,50.3,9,0,0.0,1,11.2
541,2020-2021,30,Mönchengladbach,Tobias Sippel,GER,33,90.0,Away,Hoffenheim,Defeat,6,3,3,50.0,3.3,14,25,56.0,30,4,46.7,39.3,15,73.3,58.6,17,0,0.0,1,15.5
542,2020-2021,31,Augsburg,Rafał Gikiewicz,POL,33,90.0,Home,Köln,Defeat,6,3,3,50.0,2.6,6,17,35.3,32,6,28.1,34.3,11,72.7,49.6,13,0,0.0,4,24.0
543,2020-2021,31,Köln,Timo Horn,GER,27,90.0,Away,Augsburg,Win,3,2,1,33.3,1.6,7,19,36.8,39,2,46.2,41.6,5,20.0,23.2,14,0,0.0,0,10.8
544,2020-2021,31,Freiburg,Florian Müller,GER,23,90.0,Home,Hoffenheim,Draw,4,1,3,75.0,1.3,5,13,38.5,26,5,26.9,33.0,8,75.0,56.9,6,0,0.0,1,19.6
545,2020-2021,31,Hoffenheim,Oliver Baumann,GER,30,90.0,Away,Freiburg,Draw,5,1,5,100.0,1.6,4,15,26.7,53,10,26.4,31.0,7,14.3,22.6,13,0,0.0,0,14.0
546,2020-2021,31,Mainz 05,Robin Zentner,GER,26,90.0,Home,Bayern Munich,Win,4,1,3,75.0,0.9,4,23,17.4,25,6,72.0,54.0,14,35.7,32.4,13,1,7.7,1,13.0
547,2020-2021,31,Bayern Munich,Manuel Neuer,GER,35,90.0,Away,Mainz 05,Defeat,4,2,1,50.0,0.6,7,12,58.3,35,6,31.4,31.9,2,50.0,38.0,5,0,0.0,1,16.4
548,2020-2021,31,Union Berlin,Andreas Luthe,GER,34,90.0,Home,Werder Bremen,Win,5,1,4,80.0,1.0,12,20,60.0,27,1,63.0,49.6,5,60.0,42.8,6,0,0.0,0,7.3
549,2020-2021,31,Werder Bremen,Jiří Pavlenka,CZE,29,90.0,Away,Union Berlin,Defeat,6,3,3,50.0,3.3,4,15,26.7,18,3,50.0,41.6,7,85.7,60.0,10,1,10.0,0,11.0
550,2020-2021,31,Wolfsburg,Koen Casteels,BEL,28,90.0,Home,Dortmund,Defeat,3,2,1,33.3,1.1,2,2,100.0,16,5,6.3,24.2,5,20.0,32.8,5,0,0.0,0,10.6
551,2020-2021,31,Dortmund,Marwin Hitz,SUI,33,90.0,Away,Wolfsburg,Win,2,0,2,100.0,0.2,13,27,48.1,24,1,50.0,42.1,19,78.9,56.7,11,0,0.0,1,15.0
552,2020-2021,31,Bayer Leverkusen,Lukáš Hrádecký,FIN,31,90.0,Home,Eintracht Frankfurt,Win,4,1,3,75.0,2.0,10,21,47.6,45,7,37.8,36.4,6,66.7,44.2,10,1,10.0,0,13.8
553,2020-2021,31,Eintracht Frankfurt,Kevin Trapp,GER,30,90.0,Away,Bayer Leverkusen,Defeat,9,3,6,66.7,3.4,12,25,48.0,60,6,33.3,34.1,9,55.6,45.9,8,0,0.0,2,14.7
554,2020-2021,31,RB Leipzig,Péter Gulácsi,HUN,30,90.0,Home,Stuttgart,Win,0,0,0,,0.0,0,0,,20,2,0.0,20.6,0,,,0,0,,4,31.8
555,2020-2021,31,Stuttgart,Gregor Kobel,SUI,23,90.0,Away,RB Leipzig,Defeat,10,2,9,90.0,2.9,6,20,30.0,44,6,31.8,31.5,14,42.9,35.2,18,0,0.0,0,9.6
556,2020-2021,31,Mönchengladbach,Yann Sommer,SUI,32,90.0,Home,Arminia,Win,4,0,4,100.0,0.8,5,9,55.6,35,6,25.7,26.9,2,0.0,20.5,3,0,0.0,0,11.3
557,2020-2021,31,Arminia,Stefan Ortega,GER,28,90.0,Away,Mönchengladbach,Defeat,11,5,7,63.6,4.5,6,27,22.2,58,1,39.7,39.8,6,66.7,62.3,8,1,12.5,2,18.0
558,2020-2021,29,Mainz 05,Robin Zentner,GER,26,90.0,Home,Hertha BSC,Draw,5,1,4,80.0,1.2,3,6,50.0,22,5,18.2,29.0,4,50.0,35.5,4,2,50.0,0,11.3
559,2020-2021,29,Hertha BSC,Alexander Schwolow,GER,28,90.0,Away,Mainz 05,Draw,9,1,8,88.9,3.2,8,16,50.0,29,7,41.4,41.1,7,57.1,46.6,13,1,7.7,1,13.8
560,2020-2021,30,Hertha BSC,Alexander Schwolow,GER,28,90.0,Home,Freiburg,Win,5,0,5,100.0,0.3,11,29,37.9,33,3,60.6,43.8,15,60.0,52.1,14,0,0.0,0,10.3
561,2020-2021,30,Freiburg,Florian Müller,GER,23,90.0,Away,Hertha BSC,Defeat,6,3,3,50.0,2.4,7,9,77.8,32,4,18.8,26.0,9,33.3,31.3,2,0,0.0,1,19.0
562,2020-2021,32,Stuttgart,Fabian Bredlow,GER,26,90.0,Home,Augsburg,Win,9,1,8,88.9,2.4,2,11,18.2,27,5,37.0,33.1,9,11.1,27.6,17,1,5.9,0,10.3
563,2020-2021,32,Augsburg,Rafał Gikiewicz,POL,33,90.0,Away,Stuttgart,Defeat,6,2,4,66.7,1.9,8,23,34.8,28,6,64.3,43.3,6,83.3,55.8,7,2,28.6,2,16.0
564,2020-2021,32,Werder Bremen,Jiří Pavlenka,CZE,29,90.0,Home,Bayer Leverkusen,Draw,4,0,4,100.0,0.4,8,18,44.4,28,4,42.9,41.3,8,75.0,59.6,7,0,0.0,0,13.0
565,2020-2021,32,Bayer Leverkusen,Lukáš Hrádecký,FIN,31,90.0,Away,Werder Bremen,Draw,1,0,1,100.0,0.0,6,14,42.9,30,10,30.0,32.3,11,45.5,35.1,12,3,25.0,1,15.0
566,2020-2021,32,Hoffenheim,Oliver Baumann,GER,30,90.0,Home,Schalke 04,Win,3,2,1,33.3,1.2,1,2,50.0,32,2,3.1,17.4,5,20.0,19.6,2,0,0.0,1,14.8
567,2020-2021,32,Schalke 04,Ralf Fährmann,GER,32,90.0,Away,Hoffenheim,Defeat,12,4,8,66.7,2.4,1,24,4.2,32,10,56.3,41.5,9,66.7,47.7,15,0,0.0,0,11.4
568,2020-2021,32,Dortmund,Marwin Hitz,SUI,33,45.0,Home,RB Leipzig,Win,2,0,2,100.0,0.8,3,7,42.9,15,2,40.0,39.6,1,100.0,43.0,3,0,0.0,1,17.3
569,2020-2021,32,Dortmund,Roman Bürki,SUI,30,45.0,Home,RB Leipzig,Win,6,2,4,66.7,1.5,3,10,30.0,16,9,37.5,38.1,5,80.0,52.8,7,2,28.6,0,6.3
570,2020-2021,32,RB Leipzig,Péter Gulácsi,GER,29,9.0,Away,Dortmund,Defeat,4,3,1,25.0,1.1,5,8,62.5,27,3,25.9,31.8,9,11.1,22.1,8,0,0.0,1,18.0
571,2020-2021,32,Wolfsburg,Koen Casteels,BEL,28,90.0,Home,Union Berlin,Win,1,0,1,100.0,0.1,5,16,31.3,37,3,24.3,34.1,10,70.0,61.4,12,0,0.0,1,15.8
572,2020-2021,32,Union Berlin,Andreas Luthe,GER,34,90.0,Away,Wolfsburg,Defeat,8,3,5,62.5,3.3,9,11,81.8,21,2,33.3,34.8,8,50.0,36.0,8,0,0.0,1,20.0
573,2020-2021,32,Bayern Munich,Manuel Neuer,GER,35,90.0,Home,Mönchengladbach,Win,3,0,3,100.0,0.7,2,5,40.0,30,9,16.7,28.6,9,0.0,19.4,10,1,10.0,1,11.7
574,2020-2021,32,Mönchengladbach,Yann Sommer,SUI,32,90.0,Away,Bayern Munich,Defeat,6,6,1,16.7,3.5,8,12,66.7,30,5,30.0,31.5,11,27.3,25.4,7,0,0.0,1,12.4
575,2020-2021,32,Köln,Timo Horn,GER,27,90.0,Home,Freiburg,Defeat,6,4,2,33.3,2.6,10,19,52.6,34,4,41.2,37.5,7,71.4,45.4,5,0,0.0,0,13.8
576,2020-2021,32,Freiburg,Mark Flekken,NED,27,90.0,Away,Köln,Win,2,1,1,50.0,0.9,11,27,40.7,35,2,51.4,47.8,9,100.0,78.2,11,0,0.0,0,13.5
577,2020-2021,32,Eintracht Frankfurt,Kevin Trapp,GER,30,90.0,Home,Mainz 05,Draw,3,1,2,66.7,0.6,1,5,20.0,34,6,11.8,22.5,5,20.0,26.4,9,1,11.1,0,14.0
578,2020-2021,32,Mainz 05,Robin Zentner,GER,26,90.0,Away,Eintracht Frankfurt,Draw,3,1,2,66.7,1.4,9,30,30.0,26,2,80.8,56.2,13,69.2,55.2,15,0,0.0,0,12.8
579,2020-2021,32,Hertha BSC,Alexander Schwolow,GER,28,90.0,Home,Arminia,Draw,6,0,6,100.0,0.2,3,7,42.9,25,12,8.0,22.7,7,71.4,50.1,5,0,0.0,0,13.8
580,2020-2021,32,Arminia,Stefan Ortega,GER,28,90.0,Away,Hertha BSC,Draw,4,0,4,100.0,1.0,13,36,36.1,41,2,68.3,54.6,9,88.9,68.0,9,0,0.0,1,20.4
581,2020-2021,31,Schalke 04,Ralf Fährmann,GER,32,90.0,Home,Hertha BSC,Defeat,6,2,4,66.7,1.3,3,8,37.5,22,9,22.7,29.6,6,50.0,35.2,9,1,11.1,1,12.9
582,2020-2021,31,Hertha BSC,Alexander Schwolow,GER,28,90.0,Away,Schalke 04,Win,1,1,0,0.0,0.8,5,10,50.0,20,3,30.0,37.4,11,36.4,35.6,6,1,16.7,0,15.2
583,2020-2021,33,Hertha BSC,Alexander Schwolow,GER,28,90.0,Home,Köln,Draw,4,0,4,100.0,0.3,8,24,33.3,32,6,37.5,36.0,13,92.3,67.7,15,1,6.7,1,19.0
584,2020-2021,33,Köln,Timo Horn,GER,28,90.0,Away,Hertha BSC,Draw,1,0,1,100.0,0.0,2,2,100.0,19,5,5.3,21.1,5,20.0,24.2,3,0,0.0,1,11.4
585,2020-2021,33,Mönchengladbach,Yann Sommer,SUI,32,90.0,Home,Stuttgart,Defeat,6,2,4,66.7,1.0,3,18,16.7,42,4,40.5,38.8,4,25.0,26.0,8,1,12.5,1,15.9
586,2020-2021,33,Stuttgart,Gregor Kobel,SUI,23,90.0,Away,Mönchengladbach,Win,4,1,3,75.0,1.6,2,10,20.0,31,5,25.8,28.2,5,40.0,38.2,6,1,16.7,0,7.8
587,2020-2021,33,Arminia,Stefan Ortega,GER,28,90.0,Home,Hoffenheim,Draw,3,1,2,66.7,1.4,13,25,52.0,47,3,38.3,37.0,9,77.8,59.9,12,2,16.7,2,21.0
588,2020-2021,33,Hoffenheim,Philipp Pentke,GER,36,90.0,Away,Arminia,Draw,6,1,5,83.3,2.8,7,13,53.8,37,10,35.1,32.7,8,0.0,13.8,4,0,0.0,0,15.2
589,2020-2021,33,Schalke 04,Ralf Fährmann,GER,32,90.0,Home,Eintracht Frankfurt,Win,8,3,5,62.5,2.6,9,31,29.0,36,5,55.6,47.9,12,91.7,62.1,24,2,8.3,0,11.4
590,2020-2021,33,Eintracht Frankfurt,Kevin Trapp,GER,30,90.0,Away,Schalke 04,Defeat,5,4,1,20.0,3.2,1,2,50.0,15,2,6.7,29.6,6,16.7,26.5,1,0,0.0,0,20.5
591,2020-2021,33,Bayer Leverkusen,Lukáš Hrádecký,FIN,31,90.0,Home,Union Berlin,Draw,6,1,5,83.3,0.8,9,30,30.0,44,11,54.5,42.8,8,75.0,50.8,15,1,6.7,1,11.0
592,2020-2021,33,Union Berlin,Andreas Luthe,GER,34,90.0,Away,Bayer Leverkusen,Draw,4,1,2,75.0,1.0,4,8,50.0,33,4,12.1,28.7,7,57.1,44.6,11,0,0.0,0,15.5
593,2020-2021,33,Augsburg,Rafał Gikiewicz,POL,33,90.0,Home,Werder Bremen,Win,4,0,4,100.0,0.3,9,31,29.0,29,3,79.3,57.7,8,100.0,71.1,15,1,6.7,0,12.6
594,2020-2021,33,Werder Bremen,Jiří Pavlenka,CZE,29,90.0,Away,Augsburg,Defeat,5,2,4,80.0,2.3,4,7,57.1,26,6,19.2,28.6,8,25.0,31.4,8,1,12.5,1,20.4
595,2020-2021,33,Freiburg,Mark Flekken,NED,27,90.0,Home,Bayern Munich,Draw,5,2,4,80.0,2.8,9,15,60.0,32,4,34.4,37.3,7,57.1,52.0,9,0,0.0,0,6.3
596,2020-2021,33,Bayern Munich,Alexander Nübel,GER,24,90.0,Away,Freiburg,Draw,4,2,2,50.0,1.9,1,3,33.3,27,2,11.1,26.7,8,0.0,28.1,10,0,0.0,0,9.5
597,2020-2021,33,Mainz 05,Finn Dahmen,GER,23,90.0,Home,Dortmund,Defeat,4,3,1,25.0,2.1,5,8,62.5,15,3,33.3,30.3,13,23.1,21.2,6,0,0.0,1,11.9
598,2020-2021,33,Dortmund,Roman Bürki,SUI,30,90.0,Away,Mainz 05,Win,5,1,5,100.0,1.9,9,14,64.3,23,4,47.8,42.7,8,37.5,44.8,11,0,0.0,1,16.7
599,2020-2021,33,RB Leipzig,Péter Gulácsi,HUN,31,90.0,Home,Wolfsburg,Draw,4,2,2,50.0,1.2,1,7,14.3,32,4,21.9,28.8,4,0.0,9.8,0,0,,1,18.2
600,2020-2021,33,Wolfsburg,Koen Casteels,BEL,28,90.0,Away,RB Leipzig,Draw,3,2,2,66.7,2.0,6,19,31.6,34,2,35.3,35.5,9,77.8,59.8,5,0,0.0,1,17.5
601,2020-2021,34,Bayern Munich,Manuel Neuer,GER,35,90.0,Home,Augsburg,Win,3,2,1,33.3,2.0,4,4,100.0,26,4,11.5,28.4,4,25.0,25.5,7,0,0.0,3,22.5
602,2020-2021,34,Augsburg,Rafał Gikiewicz,POL,33,90.0,Away,Bayern Munich,Defeat,13,5,9,61.5,3.2,12,22,54.5,18,5,61.1,45.6,12,91.7,64.1,13,0,0.0,2,13.0
603,2020-2021,34,Werder Bremen,Jiří Pavlenka,CZE,29,90.0,Home,Mönchengladbach,Defeat,8,4,4,50.0,3.4,6,9,66.7,27,5,25.9,31.6,3,66.7,40.3,4,1,25.0,1,20.3
604,2020-2021,34,Mönchengladbach,Yann Sommer,SUI,32,90.0,Away,Werder Bremen,Win,8,2,6,75.0,3.1,6,10,60.0,23,5,30.4,30.1,7,42.9,34.1,8,1,12.5,1,17.0
605,2020-2021,34,Hoffenheim,Philipp Pentke,GER,36,90.0,Home,Hertha BSC,Win,5,1,4,80.0,1.4,3,6,50.0,28,4,17.9,25.8,8,12.5,18.6,4,0,0.0,0,11.0
606,2020-2021,34,Hertha BSC,Alexander Schwolow,GER,28,90.0,Away,Hoffenheim,Defeat,4,2,2,50.0,1.8,4,8,50.0,28,4,25.0,32.9,12,8.3,21.1,12,1,8.3,0,10.5
607,2020-2021,34,Union Berlin,Andreas Luthe,GER,34,90.0,Home,RB Leipzig,Win,8,1,7,87.5,2.0,11,22,50.0,31,4,54.8,42.0,7,71.4,50.6,9,0,0.0,1,13.9
608,2020-2021,34,RB Leipzig,Josep Martinez,ESP,22,90.0,Away,Union Berlin,Defeat,4,2,2,50.0,2.0,3,13,23.1,44,5,29.5,32.0,5,0.0,17.4,9,0,0.0,1,14.2
609,2020-2021,34,Dortmund,Roman Bürki,SUI,30,90.0,Home,Bayer Leverkusen,Win,6,1,6,100.0,1.4,8,15,53.3,39,7,33.3,33.1,9,22.2,24.7,9,0,0.0,0,7.3
610,2020-2021,34,Bayer Leverkusen,Lukáš Hrádecký,FIN,31,90.0,Away,Dortmund,Defeat,3,3,0,0.0,1.1,4,6,66.7,23,7,13.0,27.6,6,50.0,33.5,2,0,0.0,0,13.1
611,2020-2021,34,Stuttgart,Gregor Kobel,SUI,23,90.0,Home,Arminia,Defeat,2,2,1,50.0,1.4,0,3,0.0,20,4,15.0,23.8,7,0.0,21.6,8,1,12.5,0,10.3
612,2020-2021,34,Arminia,Stefan Ortega,GER,28,90.0,Away,Stuttgart,Win,0,0,0,,0.0,19,37,51.4,33,2,90.9,66.6,9,77.8,61.9,11,3,27.3,0,11.6
613,2020-2021,34,Wolfsburg,Pavao Pervan,AUT,33,90.0,Home,Mainz 05,Defeat,7,3,4,57.1,2.0,7,13,53.8,30,5,26.7,31.1,9,55.6,46.0,7,1,14.3,0,12.5
614,2020-2021,34,Mainz 05,Finn Dahmen,GER,23,90.0,Away,Wolfsburg,Win,5,2,3,60.0,1.6,4,13,30.8,26,5,38.5,34.8,9,33.3,37.4,12,0,0.0,1,17.5
615,2020-2021,34,Köln,Timo Horn,GER,28,90.0,Home,Schalke 04,Win,1,0,1,100.0,0.1,1,3,33.3,13,1,15.4,30.5,6,16.7,26.0,0,0,,0,15.5
616,2020-2021,34,Schalke 04,Ralf Fährmann,GER,32,90.0,Away,Köln,Defeat,11,1,10,90.9,1.2,10,37,27.0,32,5,81.3,52.8,11,100.0,62.3,16,0,0.0,2,17.6
617,2020-2021,34,Eintracht Frankfurt,Elias Bördner,GER,19,90.0,Home,Freiburg,Win,6,1,5,83.3,0.8,4,18,22.2,32,9,50.0,38.0,11,18.2,23.7,10,0,0.0,0,7.5
618,2020-2021,34,Freiburg,Mark Flekken,NED,27,90.0,Away,Eintracht Frankfurt,Defeat,9,3,7,77.8,3.7,11,22,50.0,31,3,41.9,38.2,11,81.8,64.2,12,1,8.3,1,15.0
