,Season,Week_No,Team,Opponent,Venue,Result,Player Name,Minute,Event,X_cord,Y_cord,xGoal,Situation,Type,Assist Player,Assist Type
0,2022-2023,1,Eintracht Frankfurt,Bayern Munich,Home,Defeat,Tuta,11,ShotOnPost,0.9669999694824218,0.5329999923706055,0.0910416841506958,FromCorner,Head,Filip Kostic,Aerial
1,2022-2023,1,Eintracht Frankfurt,Bayern Munich,Home,Defeat,Ansgar Knauff,11,MissedShots,0.745999984741211,0.4620000076293945,0.02374924346804619,FromCorner,LeftFoot,,Rebound
2,2022-2023,1,Eintracht Frankfurt,Bayern Munich,Home,Defeat,Jesper Lindstrom,25,MissedShots,0.875999984741211,0.3970000076293945,0.2980797588825226,OpenPlay,RightFoot,,TakeOn
3,2022-2023,1,Eintracht Frankfurt,Bayern Munich,Home,Defeat,Filip Kostic,33,BlockedShot,0.845,0.7419999694824219,0.01762196607887745,OpenPlay,LeftFoot,,None
4,2022-2023,1,Eintracht Frankfurt,Bayern Munich,Home,Defeat,Ansgar Knauff,61,SavedShot,0.7680000305175781,0.265,0.012697424739599228,OpenPlay,RightFoot,Kristijan Jakic,Pass
5,2022-2023,1,Eintracht Frankfurt,Bayern Munich,Home,Defeat,Randal Kolo Muani,63,Goal,0.7909999847412109,0.355,0.21217086911201477,OpenPlay,RightFoot,,None
6,2022-2023,1,Eintracht Frankfurt,Bayern Munich,Home,Defeat,Ansgar Knauff,68,MissedShots,0.9530000305175781,0.29600000381469727,0.04669995605945587,OpenPlay,RightFoot,Mario Götze,Pass
7,2022-2023,1,Eintracht Frankfurt,Bayern Munich,Home,Defeat,Randal Kolo Muani,76,MissedShots,0.8730000305175781,0.4490000152587891,0.05627750605344772,OpenPlay,RightFoot,Ansgar Knauff,Cross
8,2022-2023,1,Bayern Munich,Eintracht Frankfurt,Away,Win,Sadio Mané,1,MissedShots,0.8930000305175781,0.4570000076293945,0.049519289284944534,FromCorner,Head,Joshua Kimmich,Cross
9,2022-2023,1,Bayern Munich,Eintracht Frankfurt,Away,Win,Joshua Kimmich,4,Goal,0.720999984741211,0.225,0.029861263930797577,DirectFreekick,RightFoot,,Standard
10,2022-2023,1,Bayern Munich,Eintracht Frankfurt,Away,Win,Serge Gnabry,6,BlockedShot,0.815,0.3920000076293945,0.058463700115680695,OpenPlay,LeftFoot,Jamal Musiala,Pass
11,2022-2023,1,Bayern Munich,Eintracht Frankfurt,Away,Win,Serge Gnabry,7,MissedShots,0.7430000305175781,0.59,0.027872363105416298,OpenPlay,RightFoot,Jamal Musiala,Pass
12,2022-2023,1,Bayern Munich,Eintracht Frankfurt,Away,Win,Thomas Müller,8,BlockedShot,0.89,0.42700000762939455,0.12770581245422363,OpenPlay,LeftFoot,Dayotchanculle Upamecano,Pass
13,2022-2023,1,Bayern Munich,Eintracht Frankfurt,Away,Win,Thomas Müller,9,BlockedShot,0.925,0.47900001525878905,0.10382698476314545,FromCorner,RightFoot,Lucas Hernández,BallTouch
14,2022-2023,1,Bayern Munich,Eintracht Frankfurt,Away,Win,Benjamin Pavard,9,Goal,0.914000015258789,0.38599998474121094,0.08804386109113693,FromCorner,RightFoot,,Rebound
15,2022-2023,1,Bayern Munich,Eintracht Frankfurt,Away,Win,Jamal Musiala,14,MissedShots,0.9340000152587891,0.669000015258789,0.07513698190450668,OpenPlay,LeftFoot,,None
16,2022-2023,1,Bayern Munich,Eintracht Frankfurt,Away,Win,Marcel Sabitzer,15,BlockedShot,0.9369999694824219,0.6509999847412109,0.1197800487279892,OpenPlay,LeftFoot,Sadio Mané,Pass
17,2022-2023,1,Bayern Munich,Eintracht Frankfurt,Away,Win,Thomas Müller,22,ShotOnPost,0.9380000305175781,0.4420000076293945,0.6150208115577698,OpenPlay,LeftFoot,Serge Gnabry,Pass
18,2022-2023,1,Bayern Munich,Eintracht Frankfurt,Away,Win,Jamal Musiala,26,SavedShot,0.7319999694824219,0.524000015258789,0.03135570138692856,OpenPlay,RightFoot,Serge Gnabry,Pass
19,2022-2023,1,Bayern Munich,Eintracht Frankfurt,Away,Win,Sadio Mané,28,Goal,0.915,0.5259999847412109,0.40571436285972595,OpenPlay,Head,Serge Gnabry,Chipped
20,2022-2023,1,Bayern Munich,Eintracht Frankfurt,Away,Win,Jamal Musiala,32,SavedShot,0.7,0.46299999237060546,0.021954556927084923,OpenPlay,RightFoot,Joshua Kimmich,Pass
21,2022-2023,1,Bayern Munich,Eintracht Frankfurt,Away,Win,Sadio Mané,32,BlockedShot,0.9059999847412109,0.565,0.5453680157661438,OpenPlay,LeftFoot,Thomas Müller,Throughball
22,2022-2023,1,Bayern Munich,Eintracht Frankfurt,Away,Win,Sadio Mané,32,ShotOnPost,0.9530000305175781,0.6229999923706054,0.3689785301685333,OpenPlay,LeftFoot,,Rebound
23,2022-2023,1,Bayern Munich,Eintracht Frankfurt,Away,Win,Jamal Musiala,34,Goal,0.9619999694824218,0.46700000762939453,0.7526881694793701,OpenPlay,RightFoot,Thomas Müller,Pass
24,2022-2023,1,Bayern Munich,Eintracht Frankfurt,Away,Win,Serge Gnabry,42,Goal,0.9219999694824219,0.38,0.3375700116157532,OpenPlay,RightFoot,Thomas Müller,Pass
25,2022-2023,1,Bayern Munich,Eintracht Frankfurt,Away,Win,Sadio Mané,73,SavedShot,0.9669999694824218,0.3390000152587891,0.3636021018028259,OpenPlay,RightFoot,,None
26,2022-2023,1,Bayern Munich,Eintracht Frankfurt,Away,Win,Joshua Kimmich,80,SavedShot,0.7630000305175781,0.6790000152587891,0.01905127242207527,OpenPlay,RightFoot,Mathys Tel,Pass
27,2022-2023,1,Bayern Munich,Eintracht Frankfurt,Away,Win,Ryan Gravenberch,81,BlockedShot,0.805,0.48700000762939455,0.07647908478975296,OpenPlay,RightFoot,Mathys Tel,Pass
28,2022-2023,1,Bayern Munich,Eintracht Frankfurt,Away,Win,Noussair Mazraoui,81,MissedShots,0.775,0.40700000762939453,0.0204682108014822,OpenPlay,RightFoot,,Rebound
29,2022-2023,1,Bayern Munich,Eintracht Frankfurt,Away,Win,Jamal Musiala,82,Goal,0.909000015258789,0.48,0.5177093744277954,OpenPlay,LeftFoot,Leroy Sané,Pass
30,2022-2023,1,Bayern Munich,Eintracht Frankfurt,Away,Win,Leroy Sané,86,BlockedShot,0.7619999694824219,0.7119999694824218,0.015998290851712227,OpenPlay,LeftFoot,,None
31,2022-2023,1,Union Berlin,Hertha Berlin,Home,Win,Rani Khedira,0,BlockedShot,0.855,0.48400001525878905,0.09806245565414429,OpenPlay,RightFoot,Janik Haberer,Pass
32,2022-2023,1,Union Berlin,Hertha Berlin,Home,Win,Rani Khedira,0,MissedShots,0.845999984741211,0.3770000076293945,0.054550960659980774,OpenPlay,RightFoot,Genki Haraguchi,Pass
33,2022-2023,1,Union Berlin,Hertha Berlin,Home,Win,Jordan Siebatcheu,13,BlockedShot,0.9330000305175781,0.7190000152587891,0.03747331723570824,OpenPlay,LeftFoot,Julian Ryerson,Pass
34,2022-2023,1,Union Berlin,Hertha Berlin,Home,Win,Julian Ryerson,18,MissedShots,0.705,0.659000015258789,0.011883665807545185,OpenPlay,RightFoot,Jordan Siebatcheu,Pass
35,2022-2023,1,Union Berlin,Hertha Berlin,Home,Win,Julian Ryerson,20,BlockedShot,0.7340000152587891,0.5970000076293945,0.011313899420201778,SetPiece,RightFoot,,None
36,2022-2023,1,Union Berlin,Hertha Berlin,Home,Win,Julian Ryerson,26,SavedShot,0.7909999847412109,0.7080000305175781,0.019573090597987175,OpenPlay,RightFoot,Robin Knoche,Chipped
37,2022-2023,1,Union Berlin,Hertha Berlin,Home,Win,Genki Haraguchi,28,BlockedShot,0.8980000305175782,0.695,0.048447802662849426,OpenPlay,RightFoot,Rani Khedira,Pass
38,2022-2023,1,Union Berlin,Hertha Berlin,Home,Win,Christopher Trimmel,28,SavedShot,0.9080000305175782,0.3729999923706055,0.026882188394665718,OpenPlay,Head,Janik Haberer,Cross
39,2022-2023,1,Union Berlin,Hertha Berlin,Home,Win,Jordan Siebatcheu,30,Goal,0.950999984741211,0.590999984741211,0.050072263926267624,OpenPlay,Head,Sheraldo Becker,Aerial
40,2022-2023,1,Union Berlin,Hertha Berlin,Home,Win,Julian Ryerson,37,SavedShot,0.8680000305175781,0.6179999923706054,0.3054356575012207,OpenPlay,LeftFoot,Jordan Siebatcheu,Pass
41,2022-2023,1,Union Berlin,Hertha Berlin,Home,Win,Diogo Leite,44,MissedShots,0.7390000152587891,0.534000015258789,0.027987929061055183,OpenPlay,LeftFoot,,BallRecovery
42,2022-2023,1,Union Berlin,Hertha Berlin,Home,Win,Jordan Siebatcheu,45,SavedShot,0.8809999847412109,0.6029999923706054,0.017934856936335564,OpenPlay,Head,Sheraldo Becker,Aerial
43,2022-2023,1,Union Berlin,Hertha Berlin,Home,Win,Sheraldo Becker,46,SavedShot,0.8380000305175781,0.7430000305175781,0.033014554530382156,OpenPlay,LeftFoot,Janik Haberer,Pass
44,2022-2023,1,Union Berlin,Hertha Berlin,Home,Win,Janik Haberer,47,MissedShots,0.7430000305175781,0.6530000305175782,0.024766994640231133,OpenPlay,RightFoot,Genki Haraguchi,Pass
45,2022-2023,1,Union Berlin,Hertha Berlin,Home,Win,Sheraldo Becker,49,Goal,0.8980000305175782,0.5970000076293945,0.30751848220825195,OpenPlay,RightFoot,Janik Haberer,Chipped
46,2022-2023,1,Union Berlin,Hertha Berlin,Home,Win,Sheraldo Becker,53,BlockedShot,0.874000015258789,0.26899999618530274,0.04398783668875694,OpenPlay,RightFoot,Robin Knoche,Pass
47,2022-2023,1,Union Berlin,Hertha Berlin,Home,Win,Robin Knoche,53,Goal,0.8530000305175781,0.590999984741211,0.012783804908394814,FromCorner,Head,Christopher Trimmel,Cross
48,2022-2023,1,Union Berlin,Hertha Berlin,Home,Win,Jordan Siebatcheu,72,MissedShots,0.9109999847412109,0.5640000152587891,0.028917411342263222,OpenPlay,Head,Niko Gießelmann,Aerial
49,2022-2023,1,Union Berlin,Hertha Berlin,Home,Win,Rani Khedira,83,BlockedShot,0.7559999847412109,0.615,0.02202737331390381,OpenPlay,RightFoot,Andras Schafer,Pass
50,2022-2023,1,Hertha Berlin,Union Berlin,Away,Defeat,Marvin Plattenhardt,35,SavedShot,0.789000015258789,0.675,0.07261206954717636,DirectFreekick,LeftFoot,,Standard
51,2022-2023,1,Hertha Berlin,Union Berlin,Away,Defeat,Wilfried Kanga,59,SavedShot,0.865,0.4520000076293945,0.045547161251306534,OpenPlay,RightFoot,Jonjoe Kenny,Cross
52,2022-2023,1,Hertha Berlin,Union Berlin,Away,Defeat,Chidera Ejuke,70,BlockedShot,0.865,0.7290000152587891,0.03227807581424713,OpenPlay,RightFoot,Wilfried Kanga,Pass
53,2022-2023,1,Hertha Berlin,Union Berlin,Away,Defeat,Chidera Ejuke,75,MissedShots,0.764000015258789,0.6609999847412109,0.016095660626888275,FromCorner,LeftFoot,,None
54,2022-2023,1,Hertha Berlin,Union Berlin,Away,Defeat,Filip Uremovic,75,BlockedShot,0.85,0.5259999847412109,0.071434386074543,FromCorner,RightFoot,,Rebound
55,2022-2023,1,Hertha Berlin,Union Berlin,Away,Defeat,Dodi Lukebakio,79,MissedShots,0.7909999847412109,0.32299999237060545,0.021221935749053955,OpenPlay,LeftFoot,Suat Serdar,Pass
56,2022-2023,1,Hertha Berlin,Union Berlin,Away,Defeat,Dodi Lukebakio,84,Goal,0.855999984741211,0.36400001525878906,0.09294458478689194,OpenPlay,LeftFoot,Stevan Jovetic,Pass
57,2022-2023,1,Borussia M.Gladbach,Hoffenheim,Home,Win,Alassane Pléa,20,BlockedShot,0.885,0.34799999237060547,0.0619313009083271,OpenPlay,RightFoot,,None
58,2022-2023,1,Borussia M.Gladbach,Hoffenheim,Home,Win,Alassane Pléa,31,MissedShots,0.749000015258789,0.5670000076293945,0.02153482474386692,OpenPlay,RightFoot,Nico Elvedi,Pass
59,2022-2023,1,Borussia M.Gladbach,Hoffenheim,Home,Win,Joe Scally,34,MissedShots,0.825,0.3940000152587891,0.016732653602957726,OpenPlay,RightFoot,,Aerial
60,2022-2023,1,Borussia M.Gladbach,Hoffenheim,Home,Win,Ramy Bensebaini,41,Goal,0.935,0.49200000762939455,0.11964649707078934,FromCorner,LeftFoot,Ko Itakura,HeadPass
61,2022-2023,1,Borussia M.Gladbach,Hoffenheim,Home,Win,Jonas Hofmann,45,BlockedShot,0.8580000305175781,0.32099998474121094,0.042381610721349716,OpenPlay,RightFoot,Alassane Pléa,Pass
62,2022-2023,1,Borussia M.Gladbach,Hoffenheim,Home,Win,Florian Neuhaus,45,MissedShots,0.8519999694824218,0.6120000076293945,0.05009286478161812,OpenPlay,LeftFoot,Marcus Thuram,HeadPass
63,2022-2023,1,Borussia M.Gladbach,Hoffenheim,Home,Win,Florian Neuhaus,47,MissedShots,0.7230000305175781,0.5840000152587891,0.018406284973025322,OpenPlay,RightFoot,Alassane Pléa,Pass
64,2022-2023,1,Borussia M.Gladbach,Hoffenheim,Home,Win,Joe Scally,48,ShotOnPost,0.8690000152587891,0.34799999237060547,0.08311507105827332,OpenPlay,RightFoot,Jonas Hofmann,Pass
65,2022-2023,1,Borussia M.Gladbach,Hoffenheim,Home,Win,Marcus Thuram,52,SavedShot,0.884000015258789,0.6329999923706054,0.1422184407711029,OpenPlay,LeftFoot,Florian Neuhaus,TakeOn
66,2022-2023,1,Borussia M.Gladbach,Hoffenheim,Home,Win,Nico Elvedi,55,MissedShots,0.895,0.5370000076293945,0.060417186468839645,SetPiece,Head,Jonas Hofmann,Chipped
67,2022-2023,1,Borussia M.Gladbach,Hoffenheim,Home,Win,Jonas Hofmann,60,MissedShots,0.784000015258789,0.5690000152587891,0.09863082319498062,DirectFreekick,RightFoot,,Standard
68,2022-2023,1,Borussia M.Gladbach,Hoffenheim,Home,Win,Alassane Pléa,61,SavedShot,0.789000015258789,0.6930000305175781,0.022419199347496033,OpenPlay,RightFoot,,BallRecovery
69,2022-2023,1,Borussia M.Gladbach,Hoffenheim,Home,Win,Marcus Thuram,70,Goal,0.9019999694824219,0.64,0.34579309821128845,OpenPlay,LeftFoot,Alassane Pléa,Throughball
70,2022-2023,1,Borussia M.Gladbach,Hoffenheim,Home,Win,Alassane Pléa,76,SavedShot,0.8719999694824219,0.620999984741211,0.5083075165748596,OpenPlay,RightFoot,Florian Neuhaus,Throughball
71,2022-2023,1,Borussia M.Gladbach,Hoffenheim,Home,Win,Nico Elvedi,77,Goal,0.9619999694824218,0.3840000152587891,0.21607494354248047,FromCorner,RightFoot,Alassane Pléa,Chipped
72,2022-2023,1,Borussia M.Gladbach,Hoffenheim,Home,Win,Alassane Pléa,81,SavedShot,0.875999984741211,0.6569999694824219,0.08972728997468948,OpenPlay,RightFoot,Jonas Hofmann,Chipped
73,2022-2023,1,Borussia M.Gladbach,Hoffenheim,Home,Win,Florian Neuhaus,89,BlockedShot,0.8159999847412109,0.47900001525878905,0.04094814136624336,FromCorner,LeftFoot,,None
74,2022-2023,1,Borussia M.Gladbach,Hoffenheim,Home,Win,Florian Neuhaus,91,BlockedShot,0.9059999847412109,0.5990000152587891,0.1361800879240036,OpenPlay,LeftFoot,Christoph Kramer,Pass
75,2022-2023,1,Hoffenheim,Borussia M.Gladbach,Away,Defeat,Robert Skov,10,MissedShots,0.63,0.669000015258789,0.010037336498498917,OpenPlay,LeftFoot,Grischa Prömel,Pass
76,2022-2023,1,Hoffenheim,Borussia M.Gladbach,Away,Defeat,Robert Skov,24,Goal,0.9,0.605999984741211,0.10910049080848694,OpenPlay,LeftFoot,Andrej Kramaric,Pass
77,2022-2023,1,Wolfsburg,Werder Bremen,Home,Draw,Lukas Nmecha,10,Goal,0.9419999694824219,0.33299999237060546,0.31834328174591064,OpenPlay,RightFoot,Patrick Wimmer,Throughball
78,2022-2023,1,Wolfsburg,Werder Bremen,Home,Draw,Bote Baku,12,MissedShots,0.7569999694824219,0.42200000762939455,0.029409220442175865,OpenPlay,LeftFoot,Lukas Nmecha,Pass
79,2022-2023,1,Wolfsburg,Werder Bremen,Home,Draw,Maximilian Arnold,15,MissedShots,0.7530000305175781,0.3659999847412109,0.02459426037967205,OpenPlay,LeftFoot,,None
80,2022-2023,1,Wolfsburg,Werder Bremen,Home,Draw,Omar Marmoush,16,BlockedShot,0.9019999694824219,0.3270000076293945,0.13260367512702942,OpenPlay,RightFoot,Maximilian Arnold,Throughball
81,2022-2023,1,Wolfsburg,Werder Bremen,Home,Draw,Patrick Wimmer,30,MissedShots,0.740999984741211,0.3890000152587891,0.01593160629272461,OpenPlay,LeftFoot,Bote Baku,TakeOn
82,2022-2023,1,Wolfsburg,Werder Bremen,Home,Draw,Bote Baku,40,BlockedShot,0.755,0.4,0.01066715270280838,SetPiece,RightFoot,,Aerial
83,2022-2023,1,Wolfsburg,Werder Bremen,Home,Draw,Bote Baku,42,MissedShots,0.7530000305175781,0.4279999923706055,0.014452609233558178,SetPiece,RightFoot,,None
84,2022-2023,1,Wolfsburg,Werder Bremen,Home,Draw,Jakub Kaminski,67,SavedShot,0.904000015258789,0.664000015258789,0.2822798490524292,OpenPlay,RightFoot,Maximilian Arnold,Throughball
85,2022-2023,1,Wolfsburg,Werder Bremen,Home,Draw,Jakub Kaminski,71,MissedShots,0.805,0.705,0.024784676730632782,OpenPlay,RightFoot,Josuha Guilavogui,Pass
86,2022-2023,1,Wolfsburg,Werder Bremen,Home,Draw,Lukas Nmecha,83,BlockedShot,0.9080000305175782,0.5370000076293945,0.0364418625831604,FromCorner,Head,Max Kruse,Goal
87,2022-2023,1,Wolfsburg,Werder Bremen,Home,Draw,Josuha Guilavogui,83,Goal,0.8969999694824219,0.3770000076293945,0.06540080159902573,FromCorner,RightFoot,,None
88,2022-2023,1,Werder Bremen,Wolfsburg,Away,Draw,Mitchell Weiser,2,MissedShots,0.8530000305175781,0.44799999237060545,0.07066325843334198,OpenPlay,RightFoot,,None
89,2022-2023,1,Werder Bremen,Wolfsburg,Away,Draw,Niclas Füllkrug,20,Goal,0.7869999694824219,0.6719999694824219,0.022513531148433685,OpenPlay,RightFoot,Jens Stage,Pass
90,2022-2023,1,Werder Bremen,Wolfsburg,Away,Draw,Leonardo Bittencourt,22,Goal,0.899000015258789,0.495,0.11473926156759262,OpenPlay,Head,Marvin Ducksch,Throughball
91,2022-2023,1,Werder Bremen,Wolfsburg,Away,Draw,Niclas Füllkrug,36,MissedShots,0.9630000305175781,0.565,0.617085337638855,OpenPlay,RightFoot,Marvin Ducksch,Pass
92,2022-2023,1,Werder Bremen,Wolfsburg,Away,Draw,Leonardo Bittencourt,37,SavedShot,0.799000015258789,0.5640000152587891,0.05468109995126724,OpenPlay,LeftFoot,Marvin Ducksch,Pass
93,2022-2023,1,Werder Bremen,Wolfsburg,Away,Draw,Leonardo Bittencourt,60,BlockedShot,0.775,0.3820000076293945,0.03277265280485153,OpenPlay,RightFoot,Marvin Ducksch,Pass
94,2022-2023,1,Werder Bremen,Wolfsburg,Away,Draw,Marvin Ducksch,64,SavedShot,0.6680000305175782,0.37900001525878907,0.011817053891718388,OpenPlay,RightFoot,Leonardo Bittencourt,Chipped
95,2022-2023,1,Werder Bremen,Wolfsburg,Away,Draw,Marvin Ducksch,88,MissedShots,0.7330000305175781,0.48400001525878905,0.015027821995317936,OpenPlay,RightFoot,Oliver Burke,TakeOn
96,2022-2023,1,Werder Bremen,Wolfsburg,Away,Draw,Lee Buchanan,91,BlockedShot,0.7140000152587891,0.5609999847412109,0.01161918230354786,OpenPlay,LeftFoot,,None
97,2022-2023,1,Werder Bremen,Wolfsburg,Away,Draw,Nicolai Rapp,93,BlockedShot,0.8930000305175781,0.45,0.09135958552360535,OpenPlay,RightFoot,,None
98,2022-2023,1,Bochum,Mainz 05,Home,Defeat,Kevin Stöger,10,MissedShots,0.635,0.47400001525878904,0.007869048044085503,OpenPlay,LeftFoot,,None
99,2022-2023,1,Bochum,Mainz 05,Home,Defeat,Gerrit Holtmann,12,SavedShot,0.8780000305175781,0.39599998474121095,0.08843807131052017,OpenPlay,LeftFoot,Simon Zoller,Cross
100,2022-2023,1,Bochum,Mainz 05,Home,Defeat,Ivan Ordets,23,MissedShots,0.9380000305175781,0.44299999237060544,0.3394070863723755,SetPiece,Head,Kevin Stöger,Cross
101,2022-2023,1,Bochum,Mainz 05,Home,Defeat,Takuma Asano,33,BlockedShot,0.735,0.6329999923706054,0.01368742436170578,OpenPlay,RightFoot,Kevin Stöger,BallRecovery
102,2022-2023,1,Bochum,Mainz 05,Home,Defeat,Kevin Stöger,38,Goal,0.7130000305175781,0.8040000152587891,0.012223528698086739,OpenPlay,LeftFoot,Konstantinos Stafylidis,Pass
103,2022-2023,1,Bochum,Mainz 05,Home,Defeat,Takuma Asano,40,MissedShots,0.8019999694824219,0.740999984741211,0.023533493280410767,OpenPlay,RightFoot,Kevin Stöger,Pass
104,2022-2023,1,Bochum,Mainz 05,Home,Defeat,Gerrit Holtmann,48,MissedShots,0.6969999694824218,0.3160000038146973,0.014623038470745087,OpenPlay,LeftFoot,Kevin Stöger,Pass
105,2022-2023,1,Bochum,Mainz 05,Home,Defeat,Takuma Asano,51,MissedShots,0.8869999694824219,0.605,0.05307234078645706,OpenPlay,LeftFoot,Konstantinos Stafylidis,Cross
106,2022-2023,1,Bochum,Mainz 05,Home,Defeat,Kevin Stöger,57,BlockedShot,0.8,0.6669999694824219,0.08368395268917084,DirectFreekick,LeftFoot,,Standard
107,2022-2023,1,Bochum,Mainz 05,Home,Defeat,Konstantinos Stafylidis,57,MissedShots,0.7390000152587891,0.535,0.014171812683343887,SetPiece,LeftFoot,,Rebound
108,2022-2023,1,Bochum,Mainz 05,Home,Defeat,Simon Zoller,58,BlockedShot,0.81,0.40900001525878904,0.04548488184809685,OpenPlay,LeftFoot,Gerrit Holtmann,HeadPass
109,2022-2023,1,Bochum,Mainz 05,Home,Defeat,Simon Zoller,59,MissedShots,0.9380000305175781,0.3579999923706055,0.06613598763942719,OpenPlay,RightFoot,Philipp Hofmann,Chipped
110,2022-2023,1,Bochum,Mainz 05,Home,Defeat,Cristian Gamboa,80,MissedShots,0.710999984741211,0.32799999237060545,0.014289799146354198,OpenPlay,RightFoot,Anthony Losilla,Pass
111,2022-2023,1,Bochum,Mainz 05,Home,Defeat,Konstantinos Stafylidis,89,MissedShots,0.7469999694824219,0.730999984741211,0.009737594984471798,OpenPlay,RightFoot,Erhan Masovic,Chipped
112,2022-2023,1,Bochum,Mainz 05,Home,Defeat,Philipp Förster,91,SavedShot,0.730999984741211,0.24,0.03301083669066429,DirectFreekick,LeftFoot,,Standard
113,2022-2023,1,Mainz 05,Bochum,Away,Win,Maxim Leitsch,12,SavedShot,0.9180000305175782,0.38299999237060545,0.07526908814907074,FromCorner,RightFoot,,None
114,2022-2023,1,Mainz 05,Bochum,Away,Win,Angelo Fulgini,13,MissedShots,0.764000015258789,0.435,0.019435176625847816,FromCorner,RightFoot,,None
115,2022-2023,1,Mainz 05,Bochum,Away,Win,Anton Stach,25,SavedShot,0.850999984741211,0.5579999923706055,0.2874353229999542,OpenPlay,LeftFoot,Angelo Fulgini,Pass
116,2022-2023,1,Mainz 05,Bochum,Away,Win,Karim Onisiwo,25,Goal,0.919000015258789,0.53,0.31543564796447754,OpenPlay,Head,Edimilson Fernandes,Cross
117,2022-2023,1,Mainz 05,Bochum,Away,Win,Dominik Kohr,27,BlockedShot,0.9080000305175782,0.445,0.4466599225997925,OpenPlay,RightFoot,Anton Stach,Pass
118,2022-2023,1,Mainz 05,Bochum,Away,Win,Anton Stach,27,SavedShot,0.8690000152587891,0.41200000762939454,0.09231971949338913,OpenPlay,LeftFoot,,Rebound
119,2022-2023,1,Mainz 05,Bochum,Away,Win,Karim Onisiwo,30,MissedShots,0.8859999847412109,0.40200000762939453,0.04370785877108574,OpenPlay,Head,Jae-Sung Lee,Cross
120,2022-2023,1,Mainz 05,Bochum,Away,Win,Edimilson Fernandes,34,BlockedShot,0.73,0.3270000076293945,0.018337775021791458,OpenPlay,RightFoot,Karim Onisiwo,Pass
121,2022-2023,1,Mainz 05,Bochum,Away,Win,Karim Onisiwo,36,MissedShots,0.840999984741211,0.2879999923706055,0.04973804950714111,OpenPlay,RightFoot,Anton Stach,End
122,2022-2023,1,Mainz 05,Bochum,Away,Win,Edimilson Fernandes,37,SavedShot,0.9180000305175782,0.23200000762939454,0.03850165754556656,OpenPlay,RightFoot,Dominik Kohr,Pass
123,2022-2023,1,Mainz 05,Bochum,Away,Win,Aarón Martín,74,MissedShots,0.779000015258789,0.33599998474121096,0.06892473995685577,DirectFreekick,LeftFoot,,Standard
124,2022-2023,1,Mainz 05,Bochum,Away,Win,Karim Onisiwo,76,Goal,0.9580000305175781,0.445,0.12518484890460968,FromCorner,Head,Anton Stach,Cross
125,2022-2023,1,Mainz 05,Bochum,Away,Win,Aarón Martín,95,MissedShots,0.789000015258789,0.504000015258789,0.054673776030540466,OpenPlay,RightFoot,,None
126,2022-2023,1,Augsburg,Freiburg,Home,Defeat,Daniel Caligiuri,3,MissedShots,0.894000015258789,0.34700000762939454,0.06352656334638596,OpenPlay,RightFoot,,None
127,2022-2023,1,Augsburg,Freiburg,Home,Defeat,Daniel Caligiuri,10,MissedShots,0.885,0.30100000381469727,0.040979187935590744,OpenPlay,LeftFoot,Jeffrey Gouweleeuw,Chipped
128,2022-2023,1,Augsburg,Freiburg,Home,Defeat,Ermedin Demirovic,37,MissedShots,0.8630000305175781,0.3629999923706055,0.06045079976320267,OpenPlay,RightFoot,Elvis Rexhbecaj,Chipped
129,2022-2023,1,Augsburg,Freiburg,Home,Defeat,Arne Maier,38,BlockedShot,0.87,0.6140000152587891,0.08125162869691849,OpenPlay,LeftFoot,Felix Uduokhai,Pass
130,2022-2023,1,Augsburg,Freiburg,Home,Defeat,Arne Maier,46,SavedShot,0.8540000152587891,0.6719999694824219,0.050579991191625595,OpenPlay,LeftFoot,Iago,Pass
131,2022-2023,1,Augsburg,Freiburg,Home,Defeat,Daniel Caligiuri,57,SavedShot,0.749000015258789,0.39799999237060546,0.018374715000391006,OpenPlay,LeftFoot,Elvis Rexhbecaj,Pass
132,2022-2023,1,Augsburg,Freiburg,Home,Defeat,Iago,62,BlockedShot,0.8690000152587891,0.6140000152587891,0.08559615164995193,OpenPlay,LeftFoot,Mads Pedersen,Pass
133,2022-2023,1,Augsburg,Freiburg,Home,Defeat,Florian Niederlechner,64,BlockedShot,0.975999984741211,0.6719999694824219,0.041452955454587936,OpenPlay,LeftFoot,Iago,Chipped
134,2022-2023,1,Augsburg,Freiburg,Home,Defeat,Arne Maier,67,BlockedShot,0.7240000152587891,0.46,0.0510421060025692,DirectFreekick,RightFoot,,Standard
135,2022-2023,1,Augsburg,Freiburg,Home,Defeat,Fredrik Jensen,76,MissedShots,0.9259999847412109,0.725999984741211,0.033381544053554535,OpenPlay,LeftFoot,Carlos Gruezo,Chipped
136,2022-2023,1,Augsburg,Freiburg,Home,Defeat,Ricardo Pepi,81,MissedShots,0.88,0.3160000038146973,0.059269826859235764,OpenPlay,RightFoot,Fredrik Jensen,Pass
137,2022-2023,1,Freiburg,Augsburg,Away,Win,Michael Gregoritsch,4,BlockedShot,0.789000015258789,0.705,0.012276045978069305,OpenPlay,LeftFoot,Roland Sallai,HeadPass
138,2022-2023,1,Freiburg,Augsburg,Away,Win,Vincenzo Grifo,4,BlockedShot,0.7959999847412109,0.63,0.014405607245862484,OpenPlay,RightFoot,,Aerial
139,2022-2023,1,Freiburg,Augsburg,Away,Win,Vincenzo Grifo,28,SavedShot,0.9059999847412109,0.54,0.05581607297062874,OpenPlay,Head,Michael Gregoritsch,HeadPass
140,2022-2023,1,Freiburg,Augsburg,Away,Win,Christian Günter,31,BlockedShot,0.8569999694824219,0.5970000076293945,0.06556576490402222,OpenPlay,RightFoot,,None
141,2022-2023,1,Freiburg,Augsburg,Away,Win,Christian Günter,32,ShotOnPost,0.850999984741211,0.28399999618530275,0.02412322163581848,FromCorner,LeftFoot,,None
142,2022-2023,1,Freiburg,Augsburg,Away,Win,Maximilian Eggestein,33,BlockedShot,0.795,0.3189999961853027,0.026168489828705788,OpenPlay,RightFoot,Vincenzo Grifo,Pass
143,2022-2023,1,Freiburg,Augsburg,Away,Win,Christian Günter,36,MissedShots,0.7980000305175782,0.63,0.03140420466661453,OpenPlay,LeftFoot,,None
144,2022-2023,1,Freiburg,Augsburg,Away,Win,Michael Gregoritsch,45,Goal,0.9209999847412109,0.4490000152587891,0.3279723823070526,OpenPlay,Head,Kiliann Sildillia,Cross
145,2022-2023,1,Freiburg,Augsburg,Away,Win,Ritsu Doan,47,BlockedShot,0.8340000152587891,0.365,0.07365584373474121,OpenPlay,LeftFoot,Roland Sallai,Pass
146,2022-2023,1,Freiburg,Augsburg,Away,Win,Maximilian Eggestein,47,MissedShots,0.904000015258789,0.3559999847412109,0.1054789274930954,OpenPlay,RightFoot,,None
147,2022-2023,1,Freiburg,Augsburg,Away,Win,Vincenzo Grifo,47,Goal,0.7780000305175782,0.22700000762939454,0.04333928972482681,DirectFreekick,RightFoot,,Standard
148,2022-2023,1,Freiburg,Augsburg,Away,Win,Roland Sallai,52,MissedShots,0.9030000305175782,0.3160000038146973,0.08218371123075485,OpenPlay,RightFoot,Michael Gregoritsch,Pass
149,2022-2023,1,Freiburg,Augsburg,Away,Win,Roland Sallai,54,BlockedShot,0.8669999694824219,0.42700000762939455,0.05561281740665436,FromCorner,LeftFoot,,OffsidePass
150,2022-2023,1,Freiburg,Augsburg,Away,Win,Vincenzo Grifo,59,MissedShots,0.71,0.72,0.012422706931829453,OpenPlay,RightFoot,,None
151,2022-2023,1,Freiburg,Augsburg,Away,Win,Matthias Ginter,60,Goal,0.8719999694824219,0.565,0.06906136870384216,SetPiece,RightFoot,Michael Gregoritsch,HeadPass
152,2022-2023,1,Freiburg,Augsburg,Away,Win,Roland Sallai,73,SavedShot,0.899000015258789,0.649000015258789,0.3996857702732086,OpenPlay,LeftFoot,Vincenzo Grifo,Throughball
153,2022-2023,1,Freiburg,Augsburg,Away,Win,Ritsu Doan,77,Goal,0.8230000305175781,0.5529999923706055,0.06290887296199799,OpenPlay,LeftFoot,,None
154,2022-2023,1,Freiburg,Augsburg,Away,Win,Ritsu Doan,79,SavedShot,0.745,0.5029999923706054,0.017085403203964233,FromCorner,LeftFoot,,None
155,2022-2023,1,Freiburg,Augsburg,Away,Win,Nils Petersen,87,BlockedShot,0.8819999694824219,0.67,0.0633833035826683,OpenPlay,RightFoot,,None
156,2022-2023,1,Borussia Dortmund,Bayer Leverkusen,Home,Win,Karim Adeyemi,8,SavedShot,0.9269999694824219,0.3340000152587891,0.28881779313087463,OpenPlay,RightFoot,Youssoufa Moukoko,Pass
157,2022-2023,1,Borussia Dortmund,Bayer Leverkusen,Home,Win,Marco Reus,9,Goal,0.9969999694824219,0.4520000076293945,0.9513846635818481,OpenPlay,RightFoot,,None
158,2022-2023,1,Borussia Dortmund,Bayer Leverkusen,Home,Win,Marco Reus,19,MissedShots,0.9019999694824219,0.7190000152587891,0.05737245827913284,OpenPlay,LeftFoot,Raphael Guerreiro,Pass
159,2022-2023,1,Borussia Dortmund,Bayer Leverkusen,Home,Win,Marco Reus,27,BlockedShot,0.8769999694824219,0.6809999847412109,0.0402236208319664,OpenPlay,LeftFoot,Donyell Malen,Cross
160,2022-2023,1,Borussia Dortmund,Bayer Leverkusen,Home,Win,Thorgan Hazard,27,MissedShots,0.9540000152587891,0.6509999847412109,0.03925302252173424,FromCorner,RightFoot,Donyell Malen,Cross
161,2022-2023,1,Borussia Dortmund,Bayer Leverkusen,Home,Win,Thomas Meunier,27,MissedShots,0.909000015258789,0.42700000762939455,0.09117869287729263,FromCorner,RightFoot,,None
162,2022-2023,1,Borussia Dortmund,Bayer Leverkusen,Home,Win,Jude Bellingham,41,MissedShots,0.7469999694824219,0.6220000076293946,0.025637581944465637,OpenPlay,LeftFoot,Thorgan Hazard,Pass
163,2022-2023,1,Borussia Dortmund,Bayer Leverkusen,Home,Win,Thorgan Hazard,49,SavedShot,0.9330000305175781,0.514000015258789,0.5925680994987488,OpenPlay,LeftFoot,Donyell Malen,Pass
164,2022-2023,1,Borussia Dortmund,Bayer Leverkusen,Home,Win,Raphael Guerreiro,49,MissedShots,0.835,0.6170000076293946,0.04688088968396187,OpenPlay,LeftFoot,Jude Bellingham,Rebound
165,2022-2023,1,Borussia Dortmund,Bayer Leverkusen,Home,Win,Mahmoud Dahoud,61,MissedShots,0.72,0.315,0.01791003905236721,OpenPlay,RightFoot,Jude Bellingham,Pass
166,2022-2023,1,Borussia Dortmund,Bayer Leverkusen,Home,Win,Jude Bellingham,64,MissedShots,0.7759999847412109,0.5059999847412109,0.04885179549455643,OpenPlay,RightFoot,,BallRecovery
167,2022-2023,1,Borussia Dortmund,Bayer Leverkusen,Home,Win,Donyell Malen,73,MissedShots,0.865999984741211,0.715999984741211,0.04867643117904663,OpenPlay,RightFoot,Raphael Guerreiro,Pass
168,2022-2023,1,Borussia Dortmund,Bayer Leverkusen,Home,Win,Marius Wolf,84,MissedShots,0.7090000152587891,0.405,0.01815473847091198,OpenPlay,RightFoot,,BallTouch
169,2022-2023,1,Borussia Dortmund,Bayer Leverkusen,Home,Win,Jude Bellingham,87,SavedShot,0.7069999694824218,0.31,0.012255952693521976,OpenPlay,RightFoot,,None
170,2022-2023,1,Borussia Dortmund,Bayer Leverkusen,Home,Win,Marco Reus,94,MissedShots,0.8090000152587891,0.580999984741211,0.13210204243659973,DirectFreekick,RightFoot,,Standard
171,2022-2023,1,Bayer Leverkusen,Borussia Dortmund,Away,Defeat,Piero Hincapié,1,MissedShots,0.9569999694824218,0.43,0.12378116697072983,SetPiece,Head,Kerem Demirbay,Cross
172,2022-2023,1,Bayer Leverkusen,Borussia Dortmund,Away,Defeat,Piero Hincapié,12,MissedShots,0.735,0.605999984741211,0.01534793060272932,OpenPlay,LeftFoot,,BallRecovery
173,2022-2023,1,Bayer Leverkusen,Borussia Dortmund,Away,Defeat,Patrik Schick,19,MissedShots,0.81,0.5220000076293946,0.0549437589943409,OpenPlay,LeftFoot,Exequiel Palacios,Pass
174,2022-2023,1,Bayer Leverkusen,Borussia Dortmund,Away,Defeat,Patrik Schick,52,SavedShot,0.8090000152587891,0.48200000762939454,0.05444703251123428,OpenPlay,LeftFoot,Moussa Diaby,Pass
175,2022-2023,1,Bayer Leverkusen,Borussia Dortmund,Away,Defeat,Patrik Schick,62,SavedShot,0.9359999847412109,0.49700000762939456,0.47265344858169556,OpenPlay,LeftFoot,Moussa Diaby,Cross
176,2022-2023,1,Bayer Leverkusen,Borussia Dortmund,Away,Defeat,Patrik Schick,67,SavedShot,0.9069999694824219,0.515,0.4785906672477722,OpenPlay,LeftFoot,Sardar Azmoun,Pass
177,2022-2023,1,Bayer Leverkusen,Borussia Dortmund,Away,Defeat,Exequiel Palacios,68,BlockedShot,0.745,0.5129999923706055,0.022958843037486076,OpenPlay,LeftFoot,Moussa Diaby,Pass
178,2022-2023,1,Bayer Leverkusen,Borussia Dortmund,Away,Defeat,Edmond Tapsoba,69,MissedShots,0.6969999694824218,0.49599998474121093,0.012932932004332542,OpenPlay,RightFoot,Exequiel Palacios,BallTouch
179,2022-2023,1,VfB Stuttgart,RasenBallsport Leipzig,Home,Draw,Chris Führich,19,SavedShot,0.7880000305175782,0.27700000762939453,0.011081491596996784,OpenPlay,RightFoot,Joshua Vagnoman,Aerial
180,2022-2023,1,VfB Stuttgart,RasenBallsport Leipzig,Home,Draw,Naouirou Ahamada,30,Goal,0.8190000152587891,0.5690000152587891,0.05644441395998001,OpenPlay,RightFoot,Sasa Kalajdzic,Pass
181,2022-2023,1,VfB Stuttgart,RasenBallsport Leipzig,Home,Draw,Sasa Kalajdzic,40,MissedShots,0.9419999694824219,0.500999984741211,0.1324516087770462,FromCorner,Head,Chris Führich,Cross
182,2022-2023,1,VfB Stuttgart,RasenBallsport Leipzig,Home,Draw,Chris Führich,41,MissedShots,0.769000015258789,0.39099998474121095,0.024676067754626274,OpenPlay,RightFoot,Silas Wamangituka,Pass
183,2022-2023,1,VfB Stuttgart,RasenBallsport Leipzig,Home,Draw,Tiago Tomás,43,BlockedShot,0.9030000305175782,0.725,0.03644363954663277,OpenPlay,RightFoot,Naouirou Ahamada,Pass
184,2022-2023,1,VfB Stuttgart,RasenBallsport Leipzig,Home,Draw,Silas Wamangituka,46,BlockedShot,0.8480000305175781,0.495,0.11337840557098389,OpenPlay,RightFoot,Konstantinos Mavropanos,Pass
185,2022-2023,1,VfB Stuttgart,RasenBallsport Leipzig,Home,Draw,Hiroki Ito,46,MissedShots,0.6890000152587891,0.7130000305175781,0.011337894946336746,OpenPlay,LeftFoot,Wataru Endo,Pass
186,2022-2023,1,VfB Stuttgart,RasenBallsport Leipzig,Home,Draw,Konstantinos Mavropanos,47,ShotOnPost,0.725999984741211,0.5220000076293946,0.06946902722120285,OpenPlay,RightFoot,Wataru Endo,TakeOn
187,2022-2023,1,VfB Stuttgart,RasenBallsport Leipzig,Home,Draw,Joshua Vagnoman,48,MissedShots,0.895,0.38,0.06593289971351624,SetPiece,RightFoot,Hiroki Ito,Chipped
188,2022-2023,1,VfB Stuttgart,RasenBallsport Leipzig,Home,Draw,Clinton Mola,81,BlockedShot,0.745999984741211,0.4540000152587891,0.02121402695775032,OpenPlay,RightFoot,,BallRecovery
189,2022-2023,1,VfB Stuttgart,RasenBallsport Leipzig,Home,Draw,Wataru Endo,95,MissedShots,0.7559999847412109,0.5359999847412109,0.02305855229496956,OpenPlay,RightFoot,Enzo Millot,Pass
190,2022-2023,1,RasenBallsport Leipzig,VfB Stuttgart,Away,Draw,Lukas Klostermann,2,BlockedShot,0.845,0.4209999847412109,0.07947921752929688,OpenPlay,RightFoot,Dani Olmo,Pass
191,2022-2023,1,RasenBallsport Leipzig,VfB Stuttgart,Away,Draw,Christopher Nkunku,5,MissedShots,0.799000015258789,0.4329999923706055,0.040404606610536575,OpenPlay,LeftFoot,,None
192,2022-2023,1,RasenBallsport Leipzig,VfB Stuttgart,Away,Draw,Christopher Nkunku,7,Goal,0.919000015258789,0.6070000076293945,0.3888504207134247,OpenPlay,LeftFoot,Dani Olmo,BallTouch
193,2022-2023,1,RasenBallsport Leipzig,VfB Stuttgart,Away,Draw,Benjamin Henrichs,11,BlockedShot,0.755,0.7559999847412109,0.023933986201882362,FromCorner,RightFoot,Hugo Novoa Ramos,Pass
194,2022-2023,1,RasenBallsport Leipzig,VfB Stuttgart,Away,Draw,Lukas Klostermann,11,SavedShot,0.8680000305175781,0.53,0.033632975071668625,FromCorner,Head,,Rebound
195,2022-2023,1,RasenBallsport Leipzig,VfB Stuttgart,Away,Draw,Dani Olmo,13,MissedShots,0.715,0.5879999923706055,0.017792589962482452,OpenPlay,RightFoot,Christopher Nkunku,Pass
196,2022-2023,1,RasenBallsport Leipzig,VfB Stuttgart,Away,Draw,Dani Olmo,21,SavedShot,0.7880000305175782,0.7419999694824219,0.024662256240844727,OpenPlay,RightFoot,Kevin Kampl,Pass
197,2022-2023,1,RasenBallsport Leipzig,VfB Stuttgart,Away,Draw,Dani Olmo,34,MissedShots,0.9009999847412109,0.3060000038146973,0.04805600643157959,OpenPlay,RightFoot,André Silva,Pass
198,2022-2023,1,RasenBallsport Leipzig,VfB Stuttgart,Away,Draw,Dani Olmo,41,BlockedShot,0.7380000305175781,0.3920000076293945,0.02059275098145008,OpenPlay,RightFoot,Christopher Nkunku,Pass
199,2022-2023,1,RasenBallsport Leipzig,VfB Stuttgart,Away,Draw,Hugo Novoa Ramos,61,SavedShot,0.919000015258789,0.3220000076293945,0.06375105679035187,OpenPlay,RightFoot,Christopher Nkunku,Pass
200,2022-2023,1,RasenBallsport Leipzig,VfB Stuttgart,Away,Draw,Christopher Nkunku,65,SavedShot,0.8780000305175781,0.555,0.385309100151062,OpenPlay,RightFoot,André Silva,Pass
201,2022-2023,1,RasenBallsport Leipzig,VfB Stuttgart,Away,Draw,Dominik Szoboszlai,65,BlockedShot,0.8390000152587891,0.5479999923706055,0.0599413700401783,OpenPlay,RightFoot,Christopher Nkunku,Rebound
202,2022-2023,1,RasenBallsport Leipzig,VfB Stuttgart,Away,Draw,Christopher Nkunku,67,SavedShot,0.7440000152587891,0.5940000152587891,0.020339153707027435,OpenPlay,RightFoot,Dani Olmo,Pass
203,2022-2023,1,RasenBallsport Leipzig,VfB Stuttgart,Away,Draw,André Silva,70,SavedShot,0.915,0.38799999237060545,0.10535604506731033,OpenPlay,RightFoot,Dani Olmo,Pass
204,2022-2023,1,RasenBallsport Leipzig,VfB Stuttgart,Away,Draw,Willi Orban,71,SavedShot,0.9290000152587891,0.48900001525878906,0.41451990604400635,FromCorner,Head,Benjamin Henrichs,Cross
205,2022-2023,1,RasenBallsport Leipzig,VfB Stuttgart,Away,Draw,Lukas Klostermann,71,BlockedShot,0.9669999694824218,0.41700000762939454,0.1315627098083496,FromCorner,LeftFoot,,Rebound
206,2022-2023,1,RasenBallsport Leipzig,VfB Stuttgart,Away,Draw,Dominik Szoboszlai,73,BlockedShot,0.765,0.500999984741211,0.02604733780026436,OpenPlay,RightFoot,Benjamin Henrichs,Pass
207,2022-2023,1,RasenBallsport Leipzig,VfB Stuttgart,Away,Draw,Dani Olmo,74,SavedShot,0.745999984741211,0.6669999694824219,0.020308880135416985,FromCorner,RightFoot,Christopher Nkunku,Pass
208,2022-2023,1,RasenBallsport Leipzig,VfB Stuttgart,Away,Draw,David Raum,74,BlockedShot,0.705999984741211,0.6659999847412109,0.015125226229429245,OpenPlay,LeftFoot,Dani Olmo,Pass
209,2022-2023,1,RasenBallsport Leipzig,VfB Stuttgart,Away,Draw,Dani Olmo,75,MissedShots,0.735999984741211,0.345,0.015493550337851048,OpenPlay,RightFoot,,BallRecovery
210,2022-2023,1,RasenBallsport Leipzig,VfB Stuttgart,Away,Draw,Christopher Nkunku,77,BlockedShot,0.8190000152587891,0.705,0.025384241715073586,OpenPlay,RightFoot,David Raum,Pass
211,2022-2023,1,RasenBallsport Leipzig,VfB Stuttgart,Away,Draw,Hugo Novoa Ramos,77,BlockedShot,0.8640000152587891,0.345,0.06464490294456482,OpenPlay,RightFoot,André Silva,Pass
212,2022-2023,1,RasenBallsport Leipzig,VfB Stuttgart,Away,Draw,André Silva,81,MissedShots,0.785,0.47,0.057562243193387985,OpenPlay,LeftFoot,,TakeOn
213,2022-2023,1,RasenBallsport Leipzig,VfB Stuttgart,Away,Draw,Josko Gvardiol,88,BlockedShot,0.8419999694824218,0.674000015258789,0.029079684987664223,FromCorner,LeftFoot,David Raum,Pass
214,2022-2023,1,RasenBallsport Leipzig,VfB Stuttgart,Away,Draw,Dominik Szoboszlai,91,MissedShots,0.76,0.30100000381469727,0.01930452510714531,OpenPlay,RightFoot,Christopher Nkunku,Pass
215,2022-2023,1,RasenBallsport Leipzig,VfB Stuttgart,Away,Draw,Christopher Nkunku,94,BlockedShot,0.8430000305175781,0.4490000152587891,0.067245714366436,SetPiece,LeftFoot,Emil Forsberg,HeadPass
216,2022-2023,1,RasenBallsport Leipzig,VfB Stuttgart,Away,Draw,Lukas Klostermann,94,BlockedShot,0.8859999847412109,0.34700000762939454,0.011580917984247208,OpenPlay,Head,Josko Gvardiol,Aerial
217,2022-2023,1,FC Cologne,Schalke 04,Home,Win,Julian Chabot,8,MissedShots,0.9690000152587891,0.45799999237060546,0.13473880290985107,FromCorner,Head,Florian Kainz,Cross
218,2022-2023,1,FC Cologne,Schalke 04,Home,Win,Ellyes Skhiri,16,BlockedShot,0.7230000305175781,0.4129999923706055,0.015787985175848007,OpenPlay,RightFoot,Dejan Ljubicic,Pass
219,2022-2023,1,FC Cologne,Schalke 04,Home,Win,Ellyes Skhiri,17,MissedShots,0.955999984741211,0.5170000076293946,0.14687654376029968,FromCorner,RightFoot,Jonas Hector,Rebound
220,2022-2023,1,FC Cologne,Schalke 04,Home,Win,Julian Chabot,17,MissedShots,0.975999984741211,0.5779999923706055,0.10596524924039841,FromCorner,LeftFoot,Ellyes Skhiri,None
221,2022-2023,1,FC Cologne,Schalke 04,Home,Win,Florian Dietz,20,BlockedShot,0.9590000152587891,0.6469999694824219,0.11100424081087112,OpenPlay,LeftFoot,Dejan Ljubicic,Throughball
222,2022-2023,1,FC Cologne,Schalke 04,Home,Win,Florian Dietz,24,SavedShot,0.9269999694824219,0.4809999847412109,0.413929283618927,OpenPlay,Head,Benno Schmitz,Cross
223,2022-2023,1,FC Cologne,Schalke 04,Home,Win,Florian Dietz,24,SavedShot,0.9330000305175781,0.4909999847412109,0.07353659719228745,OpenPlay,Head,Benno Schmitz,Rebound
224,2022-2023,1,FC Cologne,Schalke 04,Home,Win,Dejan Ljubicic,36,SavedShot,0.8619999694824219,0.27100000381469724,0.0324065200984478,OpenPlay,RightFoot,Kingsley Schindler,Pass
225,2022-2023,1,FC Cologne,Schalke 04,Home,Win,Luca Kilian,38,MissedShots,0.925,0.4779999923706055,0.11158807575702667,FromCorner,Head,Florian Kainz,Cross
226,2022-2023,1,FC Cologne,Schalke 04,Home,Win,Benno Schmitz,40,BlockedShot,0.905,0.27299999237060546,0.04104575514793396,OpenPlay,LeftFoot,Ellyes Skhiri,Pass
227,2022-2023,1,FC Cologne,Schalke 04,Home,Win,Dejan Ljubicic,42,MissedShots,0.7140000152587891,0.659000015258789,0.015671761706471443,OpenPlay,RightFoot,Julian Chabot,Pass
228,2022-2023,1,FC Cologne,Schalke 04,Home,Win,Dejan Ljubicic,45,BlockedShot,0.7069999694824218,0.34700000762939454,0.016711046919226646,OpenPlay,RightFoot,Ellyes Skhiri,Pass
229,2022-2023,1,FC Cologne,Schalke 04,Home,Win,Jan Thielmann,46,SavedShot,0.7730000305175782,0.7190000152587891,0.02825121209025383,FromCorner,RightFoot,Benno Schmitz,Pass
230,2022-2023,1,FC Cologne,Schalke 04,Home,Win,Dejan Ljubicic,46,SavedShot,0.710999984741211,0.7130000305175781,0.011575056239962578,OpenPlay,RightFoot,Jonas Hector,Pass
231,2022-2023,1,FC Cologne,Schalke 04,Home,Win,Florian Dietz,46,MissedShots,0.9169999694824219,0.5540000152587891,0.12281004339456558,OpenPlay,Head,Ellyes Skhiri,Cross
232,2022-2023,1,FC Cologne,Schalke 04,Home,Win,Luca Kilian,48,Goal,0.975999984741211,0.48,0.8988175392150879,FromCorner,RightFoot,Jonas Hector,Pass
233,2022-2023,1,FC Cologne,Schalke 04,Home,Win,Florian Kainz,51,MissedShots,0.9790000152587891,0.715,0.0293606985360384,OpenPlay,LeftFoot,Kingsley Schindler,Cross
234,2022-2023,1,FC Cologne,Schalke 04,Home,Win,Jonas Hector,52,BlockedShot,0.7880000305175782,0.730999984741211,0.02459748089313507,OpenPlay,LeftFoot,Luca Kilian,Pass
235,2022-2023,1,FC Cologne,Schalke 04,Home,Win,Benno Schmitz,52,BlockedShot,0.9369999694824219,0.32599998474121095,0.04416602477431297,OpenPlay,RightFoot,Florian Kainz,Cross
236,2022-2023,1,FC Cologne,Schalke 04,Home,Win,Jan Thielmann,54,MissedShots,0.8980000305175782,0.6559999847412109,0.049710627645254135,OpenPlay,RightFoot,Benno Schmitz,Cross
237,2022-2023,1,FC Cologne,Schalke 04,Home,Win,Ellyes Skhiri,57,MissedShots,0.835999984741211,0.5459999847412109,0.07989751547574997,OpenPlay,LeftFoot,,None
238,2022-2023,1,FC Cologne,Schalke 04,Home,Win,Sargis Adamyan,61,SavedShot,0.9309999847412109,0.4209999847412109,0.12634848058223724,OpenPlay,RightFoot,,Goal
239,2022-2023,1,FC Cologne,Schalke 04,Home,Win,Sargis Adamyan,61,BlockedShot,0.9680000305175781,0.505,0.7613815665245056,OpenPlay,LeftFoot,,Rebound
240,2022-2023,1,FC Cologne,Schalke 04,Home,Win,Florian Kainz,61,Goal,0.924000015258789,0.5529999923706055,0.49726906418800354,OpenPlay,RightFoot,Sargis Adamyan,None
241,2022-2023,1,FC Cologne,Schalke 04,Home,Win,Florian Kainz,66,SavedShot,0.7780000305175782,0.5820000076293945,0.028887838125228882,OpenPlay,RightFoot,,None
242,2022-2023,1,FC Cologne,Schalke 04,Home,Win,Florian Dietz,73,MissedShots,0.914000015258789,0.5129999923706055,0.11633552610874176,OpenPlay,Head,Benno Schmitz,Cross
243,2022-2023,1,FC Cologne,Schalke 04,Home,Win,Dejan Ljubicic,79,Goal,0.909000015258789,0.4779999923706055,0.11581700295209885,OpenPlay,Head,Jan Thielmann,Cross
244,2022-2023,1,FC Cologne,Schalke 04,Home,Win,Jan Thielmann,84,BlockedShot,0.84,0.365,0.08121409267187119,OpenPlay,RightFoot,Florian Dietz,Pass
245,2022-2023,1,FC Cologne,Schalke 04,Home,Win,Jan Thielmann,87,MissedShots,0.77,0.40599998474121096,0.03240450471639633,FromCorner,RightFoot,Jonas Hector,Pass
246,2022-2023,1,FC Cologne,Schalke 04,Home,Win,Tim Lemperle,91,BlockedShot,0.875999984741211,0.6980000305175781,0.07885058969259262,OpenPlay,RightFoot,Sargis Adamyan,Chipped
247,2022-2023,1,FC Cologne,Schalke 04,Home,Win,Ellyes Skhiri,91,BlockedShot,0.9490000152587891,0.5259999847412109,0.15293818712234497,OpenPlay,LeftFoot,Tim Lemperle,Pass
248,2022-2023,1,FC Cologne,Schalke 04,Home,Win,Ellyes Skhiri,93,BlockedShot,0.7859999847412109,0.46700000762939453,0.0514845997095108,OpenPlay,LeftFoot,,BallTouch
249,2022-2023,1,Schalke 04,FC Cologne,Away,Defeat,Alex Kral,0,BlockedShot,0.7180000305175781,0.46599998474121096,0.012430188246071339,OpenPlay,RightFoot,,None
250,2022-2023,1,Schalke 04,FC Cologne,Away,Defeat,Rodrigo Zalazar,1,SavedShot,0.7719999694824219,0.4470000076293945,0.02441512793302536,OpenPlay,RightFoot,,TakeOn
251,2022-2023,1,Schalke 04,FC Cologne,Away,Defeat,Tobias Mohr,28,MissedShots,0.9159999847412109,0.33,0.057964541018009186,OpenPlay,RightFoot,Cédric Brunner,Pass
252,2022-2023,1,Schalke 04,FC Cologne,Away,Defeat,Marius Bülter,75,Goal,0.899000015258789,0.5890000152587891,0.051867108792066574,SetPiece,Head,Thomas Ouwejan,Cross
253,2022-2023,1,Schalke 04,FC Cologne,Away,Defeat,Cédric Brunner,91,ShotOnPost,0.889000015258789,0.4159999847412109,0.08105805516242981,OpenPlay,LeftFoot,,Interception
